钱包地址,节点类型,当前等级,membership等级,状态,付费类型,购买金额,购买TX,金库存入(45D+),金库总存入,金库计划,是否激活金库,直推大节点,直推小节点,节点收益,经纪人收益,earnings_capacity,问题标记
0x5EEe521C753f04fC31633c6A65C89879E1d20A1d,MAX,V6,V6,PENDING_MILESTONES,手动调整,6600,-,10000,10500,45_DAYS,是,5,0,108.00,35.67,1,正常
0x250420dD4e8f71dB3820e741fCfB00562547922a,MAX,V6,V6,PENDING_MILESTONES,手动调整,6600,-,3200,3700,45_DAYS,是,2,0,108.00,31.64,1,正常
0xa4b5ee15C6B9e70A76b2f37F8B2101Abce54A4B5,MAX,V6,V6,PENDING_MILESTONES,手动调整,6600,-,1100,1600,90_DAYS,是,0,0,108.00,0.00,1,正常
0xF3bF90daDE9F6f621eB1290E50faEC56BCdD965A,MAX,V6,V6,PENDING_MILESTONES,手动调整,6600,-,1000,1000,90_DAYS,是,2,0,0.00,0.00,1,正常
0x77200c71B651d05a38f453EE9cF2904f48833149,MAX,V6,V6,PENDING_MILESTONES,真实付费,6000,0x14ab9d93536ba19a715b46db53d6a78b231404f0fc226e4baae27b6da8fa5996,1000,1500,90_DAYS,是,1,1,108.00,56.77,1,正常
0xd09A1c4fb4e6DCbEeD91c9DC46Fbe76A920FefDf,MAX,V6,V6,PENDING_MILESTONES,真实付费,6000,0xac6c6a4e2c0d4701453a9f618122dbec6db2e7943188e7c0f4b958549ffcf81f,1000,1500,90_DAYS,是,2,0,108.00,14.97,1,正常
0xd0759335f79e3F3e20a219cce7e6068150C5577f,MAX,V6,V6,PENDING_MILESTONES,手动调整,6600,-,1000,1500,90_DAYS,是,1,0,54.00,0.00,1,正常
0xB05d59F5DF031d3319cc7Aad08FCe5bBe24e96eB,MAX,V6,V6,PENDING_MILESTONES,手动调整,6600,-,0,1000,-,否,2,0,0.00,0.00,1,有等级无金库
0x8C5Ef840845E6cF759694FB54A192221199b72cE,MAX,V6,V6,PENDING_MILESTONES,手动调整,6600,-,1000,1000,90_DAYS,是,2,0,0.00,0.00,1,正常
0x6e89651C3Ade5d6663C1339F6398364d948d0Ad3,MAX,V6,V6,PENDING_MILESTONES,手动调整,6600,-,1000,1500,90_DAYS,是,0,1,54.00,0.97,1,正常
0x6f474E2499e802Fca8A94B00eC150F77f5c5dabE,MAX,V6,V6,PENDING_MILESTONES,手动调整,6600,-,1000,1500,90_DAYS,是,2,0,108.00,12.19,1,正常
0x94A3e4B0F01a211df09337705fe0c4C3832d7cdb,MAX,V6,V6,PENDING_MILESTONES,手动调整,6600,-,1000,1500,90_DAYS,是,3,0,54.00,9.22,1,正常
0x8A29eAB366462C5f2110447fE7adcB62d035FEF1,MAX,V6,V6,PENDING_MILESTONES,手动调整,6600,-,1000,1500,90_DAYS,是,1,1,54.00,6.75,1,正常
0xD1Bd324c1edc6de534ABd3825c7c1942Cd36a1dd,MAX,V6,V6,PENDING_MILESTONES,手动调整,6600,-,1000,1500,90_DAYS,是,0,1,108.00,4.26,1,正常
0x1b842C177b2ed26A00E4ab2b487509Cf65029872,MAX,V6,V6,PENDING_MILESTONES,手动调整,6600,-,1000,1500,90_DAYS,是,5,0,108.00,67.91,1,正常
0x6cA1ECC86E000355f3b99D345bf2b69BF6502472,MAX,V6,V6,PENDING_MILESTONES,真实付费,6000,0x4bb342931919cf94d7ab4ba49a9855a9d965dafd33b10be2dfccfb0ca832ed12,1000,1500,90_DAYS,是,1,0,108.00,33.94,1,正常
0x1e9A2de016E76Faf9Ddb9d57636ae19A10Ff0130,MAX,V6,V6,PENDING_MILESTONES,手动调整,6600,-,1000,1000,90_DAYS,是,2,0,0.00,0.00,1,正常
0x26cd30a9A18818c155E3D28601707EC29DA6D89a,MAX,V6,V6,PENDING_MILESTONES,手动调整,6600,-,1000,1000,90_DAYS,是,3,0,0.00,0.00,1,正常
0x1698C623C3B7F4a2E0258551E8b942A98BF59E7a,MAX,V6,V6,PENDING_MILESTONES,手动调整,6600,-,1000,1000,90_DAYS,是,3,0,0.00,0.00,1,正常
0x162D59061b1028cf04B04bd483a105E72dD06141,MAX,V6,V6,PENDING_MILESTONES,真实付费,6000,0x92d25501eabe055c394eade31bb54c71032885efd5a6dd52aed48566e15de685,1000,1500,90_DAYS,是,1,1,108.00,25.33,1,正常
0x54DcF532fAB7E8721892E68085d0454aBf06293E,MAX,V6,V6,PENDING_MILESTONES,手动调整,6600,-,1000,1500,90_DAYS,是,1,1,108.00,79.68,1,正常
0x1b18DCf175Fca72F1a35eA7B72e235628bd2e876,MAX,V6,V6,PENDING_MILESTONES,手动调整,6600,-,1000,1500,90_DAYS,是,1,0,108.00,38.83,1,正常
0x939E44d64e58Bf9efBf8Bb8aA24ca32D40115Dc4,MAX,V6,V6,PENDING_MILESTONES,手动调整,6600,-,1000,1500,45_DAYS,是,0,0,108.00,14.15,1,正常
0xe47dEc72b38308da2dCCcf48C2fd68f146DCd192,MAX,V6,V6,PENDING_MILESTONES,手动调整,6600,-,1000,1500,90_DAYS,是,0,0,108.00,0.00,1,正常
0x00b810F8023899c257240Fa706d79E58BCDD55Fd,MAX,V6,V6,PENDING_MILESTONES,真实付费,6000,0xc7e0e566c320c0c367dfdff71cc83d5bcf90386178b76b3b080578a5431706d2,1000,1500,90_DAYS,是,3,0,54.00,9.10,1,正常
0x1C785ae722483f5Be7b44027FF8032f3B0211c97,MAX,V6,V6,PENDING_MILESTONES,手动调整,6600,-,1000,1500,90_DAYS,是,2,0,108.00,16.52,1,正常
0x1Da71F8BC2Bcc6f24AB44187ae738216EA812c4f,MAX,V6,V6,PENDING_MILESTONES,手动调整,6600,-,1000,1500,90_DAYS,是,2,0,108.00,29.74,1,正常
0x31F1F845dE746bBd7246D945862F5dda0A6c16Ad,MAX,V6,V6,PENDING_MILESTONES,手动调整,6600,-,1000,1500,90_DAYS,是,0,0,108.00,0.00,1,正常
0x49dD11De804F2a07D9a2666000B836b7cA168d26,MAX,V6,V6,PENDING_MILESTONES,手动调整,6600,-,1000,1500,90_DAYS,是,1,0,108.00,12.98,1,正常
0x93a8aa99FF9cff968869c5A7c6574216703B0aC3,MAX,V6,V6,PENDING_MILESTONES,真实付费,6000,0x9e3c225517978487074a677f18d8fb0e058d09f479c86a9a6c395b03242f5617,1000,1500,90_DAYS,是,0,0,108.00,36.32,1,正常
0x7ECC17F3945F78345EBBe3b5e94A02D20563949B,MAX,V6,V6,PENDING_MILESTONES,手动调整,6600,-,1000,1500,90_DAYS,是,2,0,108.00,3.82,1,正常
0xf9C4F4415DD3E293805153C0ABdCB7E0bA34Be2C,MAX,V6,V6,PENDING_MILESTONES,真实付费,6000,0x361953127e31e241cba5872d749f570f2627d585206a2011c2883983ba315545,1000,1500,90_DAYS,是,1,0,108.00,26.26,1,正常
0x4ef2f92abdeD5C94C17bdb96aAAf2B20a49Cb4cd,MAX,V6,V6,PENDING_MILESTONES,手动调整,6600,-,1000,1500,45_DAYS,是,2,0,54.00,3.11,1,正常
0xe5beDC6A1D9A90cb6Ba106a99c3061c95D052BEb,MAX,V6,V6,PENDING_MILESTONES,手动调整,6600,-,1000,1500,90_DAYS,是,2,0,108.00,17.06,1,正常
0xef5F149b42405b950c1715A6bFDcdF5867e2Da8D,MAX,V6,V6,PENDING_MILESTONES,手动调整,6600,-,1000,1500,90_DAYS,是,2,0,108.00,44.11,1,正常
0x83f628C41e2752362c6ba44642d29F4391A9A508,MAX,V6,V6,PENDING_MILESTONES,真实付费,6000,0x2579b4b2ca1ab4137fb93c30355138b1edac5c8df4abf9cfd6ed7bd52d3207b5,1000,1500,90_DAYS,是,1,0,54.00,0.00,1,正常
0xC9d15C39E32Aa043E43D51e9247b637c77C7c56B,MAX,V6,V6,PENDING_MILESTONES,手动调整,6600,-,1000,1500,90_DAYS,是,2,0,108.00,8.86,1,正常
0x79b45E4d52aF7c582C3C1e91E0Ce96f396D63F82,MAX,V6,V6,PENDING_MILESTONES,手动调整,6600,-,1000,1500,90_DAYS,是,0,0,108.00,0.00,1,正常
0x6fc4E4f5052Fd724dF3367aA89A61494d6507527,MAX,V6,V6,PENDING_MILESTONES,手动调整,6600,-,1000,1500,90_DAYS,是,1,1,54.00,5.75,1,正常
0x90a075b2DbD3C4fcC377354A2B62F811CcbCcC22,MAX,V6,V6,PENDING_MILESTONES,手动调整,6600,-,1000,1500,90_DAYS,是,1,0,108.00,7.26,1,正常
0x35E5086374095c6C89b82057847c58D8ceB89554,MAX,V6,V6,PENDING_MILESTONES,手动调整,6600,-,1000,1500,45_DAYS,是,0,0,108.00,13.81,1,正常
0xcC4F5B5f488d4BF53bA78A022A0A4b2a57fA15Fe,MAX,V6,V6,PENDING_MILESTONES,手动调整,6600,-,1000,1500,90_DAYS,是,1,0,108.00,19.13,1,正常
0x1D95022E77380d93F9503989AFD0137373D34d47,MAX,V6,V6,PENDING_MILESTONES,手动调整,6600,-,1000,1500,45_DAYS,是,2,0,108.00,6.51,1,正常
0xe5beDC6A1D9A90cb6Ba106a99c3061c95D052BEb,MAX,V6,V6,PENDING_MILESTONES,手动调整,6600,-,1000,1500,90_DAYS,是,2,0,108.00,17.06,1,正常
0xde12E7082055aF7837b18c0dc1f42e05f94EAdd0,MAX,V6,V6,PENDING_MILESTONES,手动调整,6600,-,1000,1500,90_DAYS,是,2,0,108.00,13.73,1,正常
0xD3aE127aDEfB93382faf30bC1B36A93ae12Ced3B,MAX,V6,V6,PENDING_MILESTONES,手动调整,6600,-,1000,1500,45_DAYS,是,2,0,108.00,19.30,1,正常
0x9BD99A8e943104aa9b4611C168f0a435CF7DfA5f,MAX,V6,V6,PENDING_MILESTONES,真实付费,6000,0x78589b72f05ced7d12889ca82d6d26f254d6c529a041716b416a3ede370a4a15,1000,1500,90_DAYS,是,2,0,108.00,20.70,1,正常
0xb282fA4c4fEB5F1E6B0aC7e7C5bd0FC1be0FDd64,MAX,V6,V6,PENDING_MILESTONES,手动调整,6600,-,1000,1000,90_DAYS,是,1,0,0.00,0.00,1,正常
0x0ed3199FD4b38Aec314b0Ac25811855eAd27D46d,MAX,V6,V6,PENDING_MILESTONES,真实付费,6000,0xae15210567466136aebee7758685a6122139c83355caf0e5b7bdc236d892067e,1000,1500,90_DAYS,是,0,1,108.00,0.00,1,正常
0x848F96F0d3f9bf1280bef5d09a640d489bDE3578,MAX,V6,V6,PENDING_MILESTONES,手动调整,6600,-,1000,1500,90_DAYS,是,2,0,108.00,19.12,1,正常
0x60B80553BcE9E52B75aB013124606b8456cF2cdf,MAX,V6,V6,PENDING_MILESTONES,手动调整,6600,-,1000,1500,90_DAYS,是,2,0,108.00,17.07,1,正常
0x7f97FEa2A06Dc4c68f406Dad58A421357eF71cAd,MAX,V6,V6,PENDING_MILESTONES,手动调整,6600,-,1000,1500,90_DAYS,是,4,0,108.00,10.89,1,正常
0x7252534Ae6CDEffd6a964Ae7A1956ed4802E7B5c,MAX,V6,V6,PENDING_MILESTONES,真实付费,6000,0x33c2a25fb92c760ba9993ae3b7f822ddcb15c2f689b91f3a7803ed37b5474352,1000,1500,90_DAYS,是,2,0,108.00,36.87,1,正常
0x0e64dF39fc8961256327330D601380369F23648a,MAX,V6,V6,PENDING_MILESTONES,真实付费,6000,0xe66d60e9be902de6624b148c0c799d2a29424f24863c0794d3a4a933a7ce077a,1000,1500,90_DAYS,是,1,0,108.00,3.33,1,正常
0x5C508c540C165271148e0bcdaA38f61Dc1fE8C91,MAX,V6,V6,PENDING_MILESTONES,手动调整,6600,-,1000,1500,90_DAYS,是,1,0,108.00,9.04,1,正常
0x7d1802cE0397f540838d484F289f4ab3Ef2644D2,MAX,V6,V6,PENDING_MILESTONES,手动调整,6600,-,1000,1500,45_DAYS,是,0,0,108.00,29.54,1,正常
0x0Ff73855be8a2B7Fa2992FF66dba099235396ec1,MAX,V6,V6,PENDING_MILESTONES,真实付费,6000,0x4587300e3c31ec91e19c0e456e84ecffd5525af8cc3b10ca570e3e6d214da485,0,1000,-,否,1,0,108.00,0.00,1,有等级无金库
0x2a66b2E5D2fE975476D2090784443EE6E8944860,MAX,V6,V6,PENDING_MILESTONES,手动调整,6600,-,1000,1500,90_DAYS,是,1,0,108.00,28.97,1,正常
0xc14D84FdA8E5d4F69DE5a2fde6D4D60c8772BABe,MAX,V6,V6,PENDING_MILESTONES,手动调整,6600,-,1000,1500,90_DAYS,是,2,0,108.00,27.71,1,正常
0xB7765de9b610e453Cbe10E84de39ed98866a97e8,MAX,V6,V6,PENDING_MILESTONES,手动调整,6600,-,1000,1000,90_DAYS,是,1,0,0.00,0.00,1,正常
0x9c639652cd9970f8D142A96702dbA9AB8599B40c,MAX,V6,V6,PENDING_MILESTONES,真实付费,6600,0x34465fcc5da06ccb6986da9aaa1900b8fa7e44017f3e86143e39d10753f86146,0,1000,-,否,0,1,0.00,0.00,1,有等级无金库
0x0964da0C57fc0dc868BABb77fF25fD887Db960e7,MAX,V6,V6,PENDING_MILESTONES,手动调整,6600,-,1000,1500,45_DAYS,是,0,0,108.00,65.38,1,正常
0x863418e45D841a9b0D3EA1EFbF2605528DB73Bc1,MAX,V6,V6,PENDING_MILESTONES,手动调整,6600,-,1000,1500,90_DAYS,是,1,2,108.00,40.73,1,正常
0xD0242293c48b686D1A3fA79DF518202DE669314E,MAX,V6,V6,PENDING_MILESTONES,手动调整,6600,-,1000,1500,90_DAYS,是,3,0,54.00,11.67,1,正常
0xBE0A41659Af9A6432c2b8daa4C4B24c449B46bc1,MAX,V6,V6,PENDING_MILESTONES,真实付费,6000,0xd47c57cee40a40c687fc8b51b642815d7f1ab70e900f4b31e8dab632a00e4021,1000,1500,90_DAYS,是,1,0,108.00,0.00,1,正常
0x6b3702b139AE6E7b5AE886e58Eac5c57d2D92C6b,MAX,V6,V6,PENDING_MILESTONES,手动调整,6600,-,1000,1500,90_DAYS,是,2,0,108.00,18.28,1,正常
0x61Ca85e02007F7Bb3182e30Dff3b08741C7CA66c,MAX,V6,V6,PENDING_MILESTONES,手动调整,6600,-,1000,1500,90_DAYS,是,1,0,108.00,3.64,1,正常
0x9f3c0908e580efFd8a16daD7C69e80C274942f28,MAX,V6,V6,PENDING_MILESTONES,手动调整,6600,-,1000,1500,90_DAYS,是,2,0,108.00,0.00,1,正常
0x0Ad1508083C1605354d9AeF6d102e1130942865F,MAX,V6,V6,PENDING_MILESTONES,手动调整,6600,-,1000,1500,90_DAYS,是,1,0,108.00,9.44,1,正常
0xfbBBF2D95572068df073CD6581AA76EBC14BE8B7,MAX,V6,V6,PENDING_MILESTONES,真实付费,6000,0x5cb9cbea3ffca4e818503f6fac724668f3d692c74c94c85fb3aeaca0d258ad77,1000,1500,90_DAYS,是,3,0,108.00,19.75,1,正常
0x08411c0B92A77A56aFc1a0df937c50039DD7Cf29,MAX,V4,V4,PENDING_MILESTONES,真实付费,6000,0xf9d2a6da13602e7c04fbad691c73a29053611dac562dbe0434a55f1a1aadb011,600,1100,90_DAYS,是,0,0,108.00,0.00,1,正常
0x0c3541e932C3FC75904331504B5b4278D16564E9,MAX,V4,V4,PENDING_MILESTONES,真实付费,6600,0xca7d02c1bc32126e6f6a1c66f60ee9ce8eb1c88fa75b799161fa559c1847ea21,300,1100,90_DAYS,是,0,0,108.00,0.00,1,正常
0x5F737FD7719A2b322F50120203b2b4088827d737,MAX,V3,V3,PENDING_MILESTONES,手动调整,6600,-,596,1096,45_DAYS,是,0,0,108.00,0.00,1,正常
0x4B65d035bE8Aa61CFA950700bafac43beEb635A7,MAX,V3,V3,PENDING_MILESTONES,真实付费,6000,0x0a3200e8f7c15d4690717ac8c8b4de93609a714e9346cec41ab7258ae3029264,500,1000,45_DAYS,是,1,0,108.00,1.18,1,正常
0x70Db88A62D6838081274D855FAE417cefCB36182,MAX,V3,V3,PENDING_MILESTONES,手动调整,6600,-,500,1000,90_DAYS,是,2,0,108.00,8.05,1,正常
0xABCf3D309f9FA56529367cB32DE64D6e1A9f388f,MAX,V3,V3,PENDING_MILESTONES,手动调整,6600,-,500,1000,45_DAYS,是,1,0,108.00,1.77,1,正常
0x836CAC5B0419F5Cf5288B9A1E4D863BfCAea206b,MAX,V3,V3,PENDING_MILESTONES,真实付费,6000,0xe5d6760caea6b2fbde7dbdaab21efa02f2e35e4eb9d9dcff4300e5935d1a2b5b,500,1000,45_DAYS,是,0,0,108.00,0.00,1,正常
0x0DF3D4097Feb8d25d7DEC1e6F7407C8eA124C7CE,MAX,V2,V2,PENDING_MILESTONES,手动调整,6600,-,400,900,90_DAYS,是,1,0,54.00,1.57,1,正常
0xC92Bc4a2bc50Ad01bD49Ea8DdfD7Ff6D31A1E3cf,MAX,V2,V2,PENDING_MILESTONES,真实付费,6600,0x77729afee0d17537f06f8109fbbc3604d7a4b1ea493611a3e5f5acdf4a7c4746,300,900,90_DAYS,是,0,0,108.00,0.00,1,正常
0x4A8125F794a955c95C4fe95fE27025f15d1a62e0,MAX,V2,V2,PENDING_MILESTONES,手动调整,6600,-,301,801,90_DAYS,是,1,0,108.00,0.00,1,正常
0xa658291c91054C722AF0bd54aD8c681d454Ece36,MAX,V2,V2,PENDING_MILESTONES,手动调整,6600,-,300,300,45_DAYS,是,1,0,54.00,0.00,1,正常
0x09e1488544c7Cab19016a75B52C1883Bd9Ef49F3,MAX,V2,V2,PENDING_MILESTONES,真实付费,6000,0x6ea6fe3f36e7bc89da6da59e7ccaf7f845b9ee6f58838108c063b7daf60afade,300,800,90_DAYS,是,0,0,108.00,0.00,1,正常
0x1F1fa779B30aD524930a0C4397de07B6770459B3,MAX,V2,V2,PENDING_MILESTONES,真实付费,6000,0x31304114120a647f843d47234a923f58541abc01931d347a1cee14e8b645a09a,300,800,90_DAYS,是,2,0,108.00,1.66,1,正常
0x37a0934de53Cc7360Da9A51354d13518dea19900,MAX,V2,V2,PENDING_MILESTONES,真实付费,6000,0x39cd3ae4d55adbff62ea9bd774d5a4721c4131c79f1ec77019f7865b4f7a2c7e,300,800,90_DAYS,是,0,0,108.00,0.00,1,正常
0xCAFc9CD4FDF5e3A5b7Ff0100f6661Fd3AeA5b14C,MAX,V2,V2,PENDING_MILESTONES,真实付费,6600,0x8e169981c0fd44afa397fd9d423c9a20c630cc95634b124dcb4ad9e9f8925e6a,300,800,45_DAYS,是,0,0,108.00,0.00,1,正常
0x255f71a6fd5D40cb59eC7F0B461D5F8503e3c1Af,MAX,V2,V2,PENDING_MILESTONES,真实付费,6000,0x1343f31b483147c4f242d060db0a1dfa67d7cd890bf76e5a3475d3ca2bd0fa06,300,800,90_DAYS,是,1,0,108.00,4.09,1,正常
0x9da6d0F710718708B82fB30703Cd5805a0FDb984,MAX,V2,V2,PENDING_MILESTONES,手动调整,6600,-,300,800,90_DAYS,是,2,0,108.00,6.60,1,正常
0x6d536d262186A3dcA9D190E62F70E1Ea75aC7c17,MAX,V2,V2,PENDING_MILESTONES,真实付费,6600,0xfbe9ed96ebc1b2a958b5b8f5a9be86bf3abd4d46962165d373dab7377b379b5e,300,800,45_DAYS,是,0,0,108.00,14.12,1,正常
0xEfFAd33aB8839F571640BFE96e9f6877763c636E,MAX,V2,V2,PENDING_MILESTONES,真实付费,6000,0x60d4c7e9483dc23729f2b1e2f9bc55dcf0d8536bfd6f34e945d69eff69ec5174,300,300,90_DAYS,是,0,0,0.00,0.00,1,正常
0x594e01833b592C5AFdF0faC6364E08bB7eCbD419,MAX,V2,V2,PENDING_MILESTONES,真实付费,6000,0xca2477bcaff6051e8f149ddb891f44c8759f0de5281eff88d0f2f5534b09ae60,300,800,90_DAYS,是,1,0,108.00,0.63,1,正常
0x5c74Db01113f3d8F997e28E47efaa4Ec21D88Fd5,MAX,V2,V2,PENDING_MILESTONES,真实付费,6000,0x6e6e358e445f1d04f0249940299f4359642b096ca019365b0328a0cf5f60e5fa,300,800,90_DAYS,是,3,0,108.00,3.43,1,正常
0x016790bB439dd0aEA387dB9ea065c52e47C41bA7,MAX,V2,V2,PENDING_MILESTONES,手动调整,6600,-,300,800,45_DAYS,是,5,0,108.00,10.71,1,正常
0x750FA7fc9CD1Ad2BA282d0B2c0DFc8c62DA27ec4,MAX,V2,V2,PENDING_MILESTONES,手动调整,6600,-,300,800,45_DAYS,是,0,0,108.00,0.00,1,正常
0xB38E4b9b266cF5fcCDEB5f73F674597c6976156E,MAX,V2,V2,PENDING_MILESTONES,真实付费,6000,0x5cac653970a3f11f86008d66b2b84eb0fe35bb32baeebcaf65cde08e4944dc6f,300,800,90_DAYS,是,0,0,108.00,0.00,1,正常
0x6bF2E10EfE81c428a6dEBB7225F63B48a4721695,MAX,V2,V2,PENDING_MILESTONES,真实付费,6000,0x962d20ebae5363fc1c378761c7d07a6f9a67b78a3b2f5a73c338918a96c2e2e5,300,800,90_DAYS,是,0,0,108.00,0.00,1,正常
0x04fD6B5E9577DDc0EaffB660587D6Fb756f43121,MAX,V2,V2,PENDING_MILESTONES,真实付费,6000,0xb4244bf7e8a867f7f42129f10930be0db3d0053eb93fab3969398f55fb635f27,300,800,90_DAYS,是,0,0,108.00,0.00,1,正常
0x30105273c55B23c8d2383Aa6D2f5F4e4e7CD9bd9,MAX,V2,V2,PENDING_MILESTONES,真实付费,6000,0x207cf7f67a0e3cd7f4042663e0ff305ede0333e9d6d8543fac60b38ffb0b5e35,300,800,45_DAYS,是,0,0,108.00,0.00,1,正常
0x2C8C70A9215105ecC1f142d39Aaf9CE2B682d207,MAX,V2,V2,PENDING_MILESTONES,手动调整,6600,-,300,800,45_DAYS,是,0,0,108.00,0.00,1,正常
0xE743dDAd1fE6eC82d6C1A98a63400aad7b823cf1,MAX,V2,V2,PENDING_MILESTONES,真实付费,6000,0x1ba27a8d69024b9aecfdace203a0e6be9d27287cf0456e6d41e354e1b1cb8f7e,300,800,90_DAYS,是,0,0,108.00,0.00,1,正常
0xdBBae9B39AE8770C1c80B01Df52D85A55751C1bB,MAX,V2,V2,PENDING_MILESTONES,真实付费,6000,0x6b82f8a7472515e87da6609c27ef720d9937922530baf34018b53b2518940330,300,800,90_DAYS,是,0,0,54.00,0.00,1,正常
0xb360c120eF36a44a3F39e973EE90C6aA70c60E74,MAX,V2,V2,PENDING_MILESTONES,真实付费,6000,0xc6d55637f1f1572122d41ad6ba8a17d2c555446fac76764f99808868c8a38d52,300,800,90_DAYS,是,0,0,54.00,0.00,1,正常
0x3ccD3e56723c2CBD3450D0D58b57637447B10Fd4,MAX,V2,V2,PENDING_MILESTONES,真实付费,6000,0x33f7cdf4c7a55032e75852f21e384988d65112deb0c483295ac1647febd1d551,300,800,90_DAYS,是,0,0,108.00,0.00,1,正常
0x47D36cfa32aCe3c00D3f9D94642CBc3Fc2C4f67b,MAX,V2,V2,PENDING_MILESTONES,真实付费,6000,0x278f067650a4903097fa6c79a8455a8e609be8f30b10047c1ca3ae89ed05ed90,300,800,90_DAYS,是,0,0,108.00,0.00,1,正常
0x55FF695f1E7aea96592EFc74EeeEF0015873820C,MAX,V2,V2,PENDING_MILESTONES,手动调整,6600,-,300,800,45_DAYS,是,0,0,108.00,0.00,1,正常
0xC8fAE488d96eF4732B85C348Adf149f6a16dbb5E,MAX,V2,V2,PENDING_MILESTONES,真实付费,6000,0xe364b8b7231e7e32d63b84d4c04cd43fc0a0f3773186b78f0b603e1995bc110d,300,800,90_DAYS,是,0,0,108.00,0.00,1,正常
0xB055c4D476DeD3C2fB5Adb32FFFa7E643109c4E1,MAX,V2,V2,PENDING_MILESTONES,真实付费,6000,0xdf0cc1310fe718fdbb6d49f6d5f708d6334e1b3ec34bba9eb43380349c5ae990,300,800,90_DAYS,是,0,0,108.00,0.00,1,正常
0x53b34b4c9C909e1D38d894Ba0a389a2c23dA3444,MAX,V2,V2,ACTIVE,手动调整,6000,-,300,800,90_DAYS,是,0,0,54.00,5.45,1,正常
0x1538EB46697BAbfa8961f08A32529aE912d32Ac6,MAX,V2,V2,PENDING_MILESTONES,真实付费,6000,0x0b9e1c6f053fd201d69654b16fa6239ab800f035905ce209c13131362794637e,0,300,-,否,1,0,108.00,0.61,1,有等级无金库
0x0dF2e4cc5DCedF90725d3079986701191601Ac35,MAX,V2,V2,PENDING_MILESTONES,手动调整,6600,-,300,800,45_DAYS,是,0,0,108.00,0.00,1,正常
0x1877f0fd51D1F8E9b4605cDD0F1dB27E3e56aeC0,MAX,V2,V2,PENDING_MILESTONES,手动调整,6600,-,300,800,45_DAYS,是,1,0,108.00,3.11,1,正常
0x222DBDe7F4A3f28607729154DBe4Dd10669033Ec,MAX,V2,V2,PENDING_MILESTONES,手动调整,6600,-,300,800,45_DAYS,是,0,0,108.00,0.00,1,正常
0x248d75e213A6cD566FC5F95b721E0D1f7D500525,MAX,V2,V2,PENDING_MILESTONES,手动调整,6600,-,300,800,45_DAYS,是,0,0,108.00,0.00,1,正常
0x5860115EA1c05cc99610CC82923232F4634BfC7b,MAX,V2,V2,PENDING_MILESTONES,手动调整,6600,-,300,800,45_DAYS,是,0,0,108.00,0.00,1,正常
0x6B9b37936a5481f8AEfC87e2F218c6f31dfE1dB5,MAX,V2,V2,PENDING_MILESTONES,真实付费,6000,0xda4ed46b2dcd090dc76ac05ec120146ae8dce3bb5a3063bd893cdbe6222f66b8,0,300,-,否,0,0,108.00,0.00,1,有等级无金库
0x628B591dbeD1E9ED86aA22621fbD3B479EAfd7eB,MAX,V2,V2,PENDING_MILESTONES,手动调整,6600,-,300,800,45_DAYS,是,1,0,108.00,0.00,1,正常
0x7DD4FB4a4b2E1862A015eCe6C3eb264eCc20B39D,MAX,V2,V2,PENDING_MILESTONES,手动调整,6600,-,300,800,45_DAYS,是,0,0,108.00,0.00,1,正常
0x82D116dB6B51592D85D21800C8a582cF1B19d728,MAX,V2,V2,PENDING_MILESTONES,真实付费,6000,0x51c193c8a3e1d27a22bdfaac185046de4d23549d59a7b4fda8d5cec698195ed2,0,300,-,否,0,0,108.00,0.00,1,有等级无金库
0x94057D15a774aCF79390e3f450A98216160AbB8F,MAX,V2,V2,PENDING_MILESTONES,手动调整,6600,-,300,800,90_DAYS,是,1,0,108.00,0.00,1,正常
0x9880B9e1F0dFc19619fe44edDe921210fE5B3b3B,MAX,V2,V2,PENDING_MILESTONES,真实付费,6000,0xde847fd6556cb8c68af1387c83c4289b2bdbea93b92c68b076153868ac79e30b,300,800,90_DAYS,是,0,0,108.00,0.00,1,正常
0xA5B46b2D2f6b9Eec7ca509Aa40C4372366D42805,MAX,V2,V2,PENDING_MILESTONES,手动调整,6600,-,300,800,90_DAYS,是,0,0,108.00,0.00,1,正常
0xab340A5770b5eBcB1B8227B84a38070d9AbD5920,MAX,V2,V2,PENDING_MILESTONES,真实付费,6000,0x69c2d312bc58eb6dbd4e5ed280d42e502aa0e0b042e1686efeea1940ab2718b3,300,800,90_DAYS,是,0,0,108.00,0.00,1,正常
0x4fB258437819f0fB17Bc0df84D2A69a262a94D70,MAX,V2,V2,PENDING_MILESTONES,手动调整,6600,-,300,800,90_DAYS,是,0,0,108.00,18.16,1,正常
0xc85Cd1F454d1A2D25B2b68BE57020C158B2dE817,MAX,V2,V2,PENDING_MILESTONES,手动调整,6600,-,300,800,45_DAYS,是,1,0,108.00,0.00,1,正常
0x577100210653773605F59494E384640355280cBD,MAX,V2,V2,PENDING_MILESTONES,手动调整,6600,-,300,800,90_DAYS,是,0,0,108.00,1.99,1,正常
0xEB1B3CE9A7460566d79973AA0a8b596e3ce174f8,MAX,V2,V2,PENDING_MILESTONES,真实付费,6000,0xc408290a518a6946db49d63d8612fe3e4b98fe0faa004458e00bc243b5049000,300,800,90_DAYS,是,0,0,108.00,0.00,1,正常
0x6D08bF3e5552B7fdDF83306E2Beb307449DCC18d,MAX,V2,V2,PENDING_MILESTONES,真实付费,6600,0xa717703cb0d2f809a1ea5c7c0f61a06d1380b07d7c102ee859050e21c5777f93,300,800,45_DAYS,是,0,0,108.00,14.12,1,正常
0xF54e596b35bEa6C684458Bc6dfe586aDa57a8186,MAX,V2,V2,PENDING_MILESTONES,真实付费,6000,0xafcee2dc8f9c3b64e6d5cc7a03ce8a8e52d5f08c90319150813f6a1f6f0525a6,300,800,45_DAYS,是,0,0,108.00,18.16,1,正常
0xbC68bcE9Ba6B8BEDe6bB7BC3bE226D4d13EC959d,MAX,V2,V2,PENDING_MILESTONES,真实付费,6000,0x4a7add900c04e73981d727c8f24de3618e3802406e0da440489f639ad525395f,300,800,45_DAYS,是,1,0,108.00,1.76,1,正常
0xf3E3453b71a29f4eE609FaFE85a493953d57b719,MAX,V2,V2,PENDING_MILESTONES,手动调整,6600,-,300,800,90_DAYS,是,1,0,108.00,1.09,1,正常
0x5E3f9b811c8932244926FC5E121C68884dc11B4e,MAX,V2,V2,PENDING_MILESTONES,手动调整,6600,-,300,800,90_DAYS,是,0,0,108.00,2.66,1,正常
0x48CD090B6DC6a4c04eB1A70e3dA87BDd08666b28,MAX,V2,V2,PENDING_MILESTONES,手动调整,6600,-,300,800,45_DAYS,是,1,0,108.00,0.52,1,正常
0x89abd78C506F5cE507478424892Ab04FE737189F,MAX,V2,V2,PENDING_MILESTONES,真实付费,6000,0x4a6e6923ec04f4e491ae1ee9b34cb8423a6de63fe68f229bb6d6f1921f995174,300,800,45_DAYS,是,1,0,108.00,3.69,1,正常
0x50dfFeF6CB5d13e7B74Bd53534FD069eCa64C675,MAX,V2,V2,PENDING_MILESTONES,手动调整,6600,-,300,800,90_DAYS,是,1,0,108.00,0.85,1,正常
0x1282F4b64Fc798A7E42A30fa4b41848E56efB786,MAX,V2,V2,PENDING_MILESTONES,手动调整,6600,-,300,800,45_DAYS,是,1,0,108.00,1.13,1,正常
0x50E6Fd1Da70821Add94C8Fc5b0D8FfD7154C3978,MAX,V2,V2,PENDING_MILESTONES,真实付费,6000,0x037b27728c06e57110b89edc69b8f1e68b85613997c0cf949b2079ab422ef4a0,300,800,90_DAYS,是,2,0,108.00,3.11,1,正常
0xF55E6C0aa9060A8419AecaddA439945ab8D1e3C2,MAX,V2,V2,PENDING_MILESTONES,手动调整,6600,-,300,800,45_DAYS,是,1,0,108.00,0.85,1,正常
0x45d0340f77158215D016AAE204CAee02cE7Dd4D4,MAX,V2,V2,PENDING_MILESTONES,真实付费,6000,0xd40bc932259b2fea38a15f276f7bd6752ec4752fbaf6ca8e04c355a9dad82e48,300,800,90_DAYS,是,1,0,108.00,1.09,1,正常
0x8a7D60cD02D19786EE1124cB29ABAd432870B11d,MAX,V2,V2,PENDING_MILESTONES,手动调整,6600,-,300,800,45_DAYS,是,0,0,108.00,4.46,1,正常
0x8E45499C3dA029b4Dc186e71A59d80F83Dc2FA9a,MAX,V2,V2,PENDING_MILESTONES,真实付费,6000,0x8b2791c53dd31cf3a124c2718430fccc9555b4c6f1537fe0361cffcc5afe9943,300,800,90_DAYS,是,1,0,108.00,1.09,1,正常
0xe045718806056d176aeDAA99d6a6AE6AB270eEaa,MAX,V2,V2,PENDING_MILESTONES,手动调整,6600,-,300,800,90_DAYS,是,2,0,108.00,21.00,1,正常
0x02566ebFB7F54CA50F1b95EcD6e430a636744b03,MAX,V2,V2,PENDING_MILESTONES,手动调整,6600,-,300,800,90_DAYS,是,1,0,108.00,2.36,1,正常
0x20E98664C2fE49c9BE1d64a98C67613f9adE9c4e,MAX,V2,V2,PENDING_MILESTONES,手动调整,6600,-,300,800,45_DAYS,是,1,0,108.00,1.67,1,正常
0x9A4130E14b2cDC791E563CfAD77898D137344562,MAX,V2,V2,PENDING_MILESTONES,手动调整,6600,-,300,800,45_DAYS,是,1,0,108.00,0.94,1,正常
0x05d3F679ad0c4577B4b455C17Fa788596587Fbbf,MAX,V2,V2,PENDING_MILESTONES,真实付费,6000,0x60bcddf56a6466f2f12f9b339d68d584c8110cc228aecfee241a38e3099cd901,300,800,90_DAYS,是,0,0,108.00,0.00,1,正常
0x63A7187f818D710840983Ce5bf85c6D0Bc2B5023,MAX,V2,V2,PENDING_MILESTONES,手动调整,6600,-,300,300,90_DAYS,是,1,0,0.00,0.00,1,正常
0xbB53c5C03a2F91DBeF2Ac13B6385280b72403B97,MAX,V2,V2,PENDING_MILESTONES,真实付费,6000,0x8033e7f67de430e034f927d8ab2e5eb9a26af2cd695e1afe39099f036b8da531,0,300,-,否,2,0,108.00,6.17,1,有等级无金库
0xC8848738d49BcfD6B98f9bEDB0CC0e9fccD1CF8F,MAX,V2,V2,ACTIVE,手动调整,6000,-,300,800,90_DAYS,是,0,0,54.00,3.64,1,正常
0xA9b0b0f6Add6d1164C45A04EB9dDED2b8A88659c,MAX,V2,V2,PENDING_MILESTONES,真实付费,6000,0x7d8132fd71b57b0bb96438a99288c06e7e79e27be236fbf7a252694f4b283a76,300,800,90_DAYS,是,2,0,108.00,2.81,1,正常
0x4cC8262382c952d3B7F02aCC82B5F6c1468E06eC,MAX,V2,V2,PENDING_MILESTONES,手动调整,6600,-,300,800,45_DAYS,是,0,0,108.00,17.80,1,正常
0x9285B83e63571Bd24577cfaDDf35fa1839E4A275,MAX,V2,V2,PENDING_MILESTONES,真实付费,6000,0xd8eb17a7a4038446ed622e4fe16f1e26029d96b918d8ee732f772014378a560d,300,800,90_DAYS,是,18,0,108.00,14.71,1,正常
0x26c779c5c3e0E741B51440A40e968B32FF382897,MAX,V2,V2,PENDING_MILESTONES,真实付费,6000,0xff31675f56e7b73d8fa02f97f7f06fc93266e41e2d69959df9f63f874e28e2b1,300,800,45_DAYS,是,2,0,108.00,2.31,1,正常
0x034D43EF10744Dd19f8A9c9D837D4eeC7e57Ac16,MAX,V2,V2,PENDING_MILESTONES,真实付费,6000,0xbf7ca9b24520c47e293245d7e2e2ba30bf17fffebc8e50a0a3d813b6bd25a410,300,800,90_DAYS,是,6,0,108.00,6.01,1,正常
0x8DB43d237F890c42dFcCac683C2aDE1E220FD4F0,MAX,V2,V2,PENDING_MILESTONES,手动调整,6600,-,300,800,90_DAYS,是,1,0,108.00,4.63,1,正常
0xc7C519Eb79A401C8c9e573B1Fcb8Eb2de3c807AB,MAX,V2,V2,PENDING_MILESTONES,手动调整,6600,-,300,800,45_DAYS,是,1,0,54.00,0.51,1,正常
0x50c52EDb000b2Df804B0B1EEce84F4BB74be6c9C,MAX,V2,V2,PENDING_MILESTONES,真实付费,6000,0x914e7454b8945d232cf2061e99ce3a5091d6f468dfb3321b3df216ebbfed59db,300,800,90_DAYS,是,0,0,108.00,0.00,1,正常
0xBd959B219A4B6C07Faaa4224D6486EBb8a77ef3f,MAX,V2,V2,PENDING_MILESTONES,真实付费,6000,0xeb77cb20192d970b5759f6e90482892230c6f126a497d4f4891125467a4f4ec6,300,800,90_DAYS,是,0,0,108.00,0.00,1,正常
0xD6D33b71c53B890EC8D8c69e9992e85490B1E90B,MAX,V2,V2,PENDING_MILESTONES,手动调整,6600,-,300,800,90_DAYS,是,2,0,108.00,1.69,1,正常
0xb38306fFC784Eb9E9B5f744a679E93D332d41bcf,MAX,V2,V2,PENDING_MILESTONES,真实付费,6000,0x422879bab1d197d7f17034c41bf6925c793b5f658c31bdf81969d795c54b347c,300,800,90_DAYS,是,0,0,108.00,0.00,1,正常
0xFA431d98F97c9F832b5B25897aC8c3e49b0a49C0,MAX,V2,V2,PENDING_MILESTONES,真实付费,6000,0x9166f9e14cb44b2a005172a86c78fd345a6ad8bcd0d479b52a6cd5375a86fd8a,300,800,90_DAYS,是,0,0,108.00,0.00,1,正常
0x0e3D906356F9F59A4eA60193C3445b039eA3E11F,MAX,V2,V2,PENDING_MILESTONES,真实付费,6000,0xc036c949208aa5781cc3f3bc216ce19f647e3ee6ec63903b020b2ca8c5f25810,300,800,90_DAYS,是,0,0,108.00,0.00,1,正常
0xcb12C9c62DFdF59565c64d3190968Bd1764b99D9,MAX,V2,V2,PENDING_MILESTONES,手动调整,6600,-,300,800,45_DAYS,是,0,0,108.00,0.00,1,正常
0xc4A41D24b157f126497c6e6e89e071F724808fBE,MAX,V2,V2,PENDING_MILESTONES,真实付费,6000,0xf017bd23a7a5e76b41893534b54c0917a74ff275b109cf7cc799fb35f67e4d04,300,800,90_DAYS,是,0,0,108.00,0.00,1,正常
0xC5366C8C367285E99fBf00aEfDd61de2d0974892,MAX,V2,V2,PENDING_MILESTONES,手动调整,6600,-,300,800,90_DAYS,是,0,0,108.00,18.16,1,正常
0xaF1c3E5087cdd24EDfa072b9b022Af2B1B88FEd0,MAX,V2,V2,PENDING_MILESTONES,真实付费,6600,0x75d2c0db35fc47a9a6e56a709323f4692cfa56d95956a5a292b1ea3d0ddca7ab,300,800,90_DAYS,是,1,0,108.00,1.39,1,正常
0xEfaA5bd8008E6f26c3593886fFAf84354a64dB3A,MAX,V2,V2,ACTIVE,手动调整,6000,-,300,800,90_DAYS,是,0,0,54.00,5.45,1,正常
0xF5AD41AAB8fCEd6A4Bb5274fBd6af572E1f15576,MAX,V2,V2,PENDING_MILESTONES,真实付费,6000,0x58c71a478438ae083d4112754673ecb192b947553a94f1258bc1d22b0b738d9f,300,800,90_DAYS,是,0,0,108.00,0.00,1,正常
0xBBF19977630eEcD2Ac1D23D275d016b37ecb8440,MAX,V2,V2,PENDING_MILESTONES,真实付费,6000,0x5d449fefd988b7f560267f9cbd087c4ccb1599c439e61804e21b3c90b19a1d31,300,800,90_DAYS,是,0,0,54.00,0.00,1,正常
0x07376E68bc6c99AE9b89dF51a9c76294aDf8C720,MAX,V2,V2,PENDING_MILESTONES,手动调整,6600,-,300,800,45_DAYS,是,0,0,108.00,0.00,1,正常
0xeeE3E4B7A85FcDf56952c442A6168f4Ec970931E,MAX,V2,V2,PENDING_MILESTONES,真实付费,6000,0x8f648a044052d3ffd44eed068e9cd52f96925dd33bcd5ede010c7f148b64c5e8,300,800,90_DAYS,是,0,0,54.00,0.00,1,正常
0x5c785bD784A201470bb9CEe93239ACe28a0203e0,MAX,V2,V2,PENDING_MILESTONES,真实付费,6000,0xccf58702b41afe386479721017ed0281c6a36f592cc7c721c4fe47e401ffa060,300,800,90_DAYS,是,3,0,108.00,3.57,1,正常
0x89FFFcBF9fA64171522822B119F50BEd88D65D24,MAX,V2,V2,PENDING_MILESTONES,真实付费,6000,0x97b930472f114b759b7b3d6527adb12762673afb6e663e36936141c29e72a531,300,800,90_DAYS,是,6,0,54.00,1.64,1,正常
0x652Efb481c5483c09aa4DE17eB23a16E30328A27,MAX,V2,V2,PENDING_MILESTONES,真实付费,6000,0x84b79da5cc1d271da6b8e18e990dc4d61f5a3533ceb589bc44a6498664ebd3f0,300,800,90_DAYS,是,0,0,54.00,0.00,1,正常
0x65C5583C4B4878dbcC869ad4C97d8883346DfF99,MAX,V2,V2,PENDING_MILESTONES,真实付费,6000,0x866fce46846f2da7c58a1bb07b49f44bfa669f6bbc63d2502e59aa85f172e8a3,300,300,90_DAYS,是,0,0,0.00,0.00,1,正常
0x8D415D2f3De4eC41e3aA8bc7331f40163E876eA5,MAX,V2,V2,PENDING_MILESTONES,真实付费,6000,0x4dc96f97eac3e98af1948c5990bc792ded5fb07c7808c7f4f115fe2681aae742,300,800,90_DAYS,是,0,0,54.00,0.00,1,正常
0xb72f706F26A1593BA131A34EC7a8ceCC73EB83E6,MAX,V2,V2,PENDING_MILESTONES,真实付费,6000,0xefc5912a836113577cd4ba03819a62dd692fd5b229c52ebe96afa064221b4ffe,300,300,90_DAYS,是,0,0,0.00,0.00,1,正常
0xBDC1Fc658675d289B0124c0D4e51c2861327855a,MAX,V2,V2,PENDING_MILESTONES,真实付费,6600,0x4baff29ba6ec8d67ad68606e57ed8e6411c48627d1f0162cd5394435a159ff3a,300,800,45_DAYS,是,0,0,54.00,0.00,1,正常
0x2f8C45A120B54465EdBBF195ee22F695920c2347,MAX,V2,V2,PENDING_MILESTONES,真实付费,6000,0x65ea26ba292993ac94e1719aa8101e423edc2058e9ace260b573c0c06201f109,300,800,90_DAYS,是,0,0,54.00,0.00,1,正常
0x5Af45315Ee881b3262765705DE6933f5d988e7aa,MAX,V2,V2,PENDING_MILESTONES,真实付费,6000,0x0bd827694c88dc1985321a829cababb4fdd9a8a187ade29205f9455d9a7f6425,300,800,45_DAYS,是,1,0,0.00,0.00,1,正常
0x53c6fb9d09B72775176134a84241aEAe8676bcb9,MAX,V2,V2,PENDING_MILESTONES,真实付费,6000,0xe76b7b2637caf63fb1ab008fdc4bfe0d9c76d3e99c45ed24a5c7936c610af65b,300,800,45_DAYS,是,0,0,0.00,0.00,1,正常
0x1391362Bf2441921ee96d4686CB80c5Eb507235B,MAX,V2,V2,PENDING_MILESTONES,手动调整,6600,-,300,300,90_DAYS,是,2,0,0.00,0.00,1,正常
0x185160B9AdE128ff5d264650a1D30F8cd8D873e9,MAX,V2,V2,PENDING_MILESTONES,手动调整,6600,-,300,300,90_DAYS,是,1,0,0.00,0.00,1,正常
0xD41eF053c2485d4D9AE460feFD5EDEFA08a01E99,MAX,V2,V2,PENDING_MILESTONES,手动调整,6600,-,300,800,45_DAYS,是,0,0,54.00,0.00,1,正常
0x3681ED7f5753D0807447C3A3d776d4eb0840b76B,MAX,V2,V2,PENDING_MILESTONES,手动调整,6600,-,300,300,45_DAYS,是,0,0,54.00,0.00,1,正常
0x2c72B1B4166cbE7f475B60393f925454fc73b306,MAX,V2,V2,PENDING_MILESTONES,手动调整,6600,-,300,300,90_DAYS,是,0,0,0.00,0.00,1,正常
0x667c50746575507BfF56bcCE0176A7d4cD50EA72,MAX,V2,V2,PENDING_MILESTONES,真实付费,6000,0xeaa470324d26d5b6d7c95a7e288b939b65cd799d11ffa1be820e7954ece162b9,300,800,45_DAYS,是,1,0,0.00,0.00,1,正常
0x37Fd52F4E140c038B0FD91F025be9408A763f549,MAX,V2,V2,PENDING_MILESTONES,手动调整,6600,-,300,800,90_DAYS,是,1,0,54.00,0.57,1,正常
0x9005DCcEeeADf938B2903E4D64F79fcB65dbc0A4,MAX,V2,V2,PENDING_MILESTONES,手动调整,6600,-,300,300,45_DAYS,是,1,0,0.00,0.00,1,正常
0x79b57EA7345ef2BF9643f9DDF28c3030eBeC77F1,MAX,V2,V2,PENDING_MILESTONES,手动调整,6600,-,300,300,45_DAYS,是,0,0,54.00,0.00,1,正常
0x77EdF3d2586b470B1027A8C80474b3982d66F4C8,MAX,V2,V2,PENDING_MILESTONES,手动调整,6600,-,300,300,90_DAYS,是,1,0,0.00,0.00,1,正常
0x642e7F6c9E6F06F4522ee6f6F0eDD5E5783D3903,MAX,V2,V2,PENDING_MILESTONES,手动调整,6600,-,300,800,90_DAYS,是,0,0,54.00,0.00,1,正常
0x769650cd261E6cE97A54B2021c4c8539788388a4,MAX,V2,V2,PENDING_MILESTONES,手动调整,6600,-,300,800,90_DAYS,是,1,0,54.00,0.55,1,正常
0x9F9Bda083E807374696101E696710Bf1D18B5653,MAX,V2,V2,PENDING_MILESTONES,手动调整,6600,-,300,300,90_DAYS,是,1,0,0.00,0.00,1,正常
0xb75c86FeC00eee388CC4A11AFd29E2d15c1c82B7,MAX,V2,V2,PENDING_MILESTONES,手动调整,6600,-,300,800,90_DAYS,是,0,0,54.00,0.00,1,正常
0xC74150500B76D932Bb8b6D4039053E99Ad014716,MAX,V2,V2,PENDING_MILESTONES,手动调整,6600,-,300,800,45_DAYS,是,1,0,54.00,0.73,1,正常
0xE7F8eBCE165Ca7F49AA3B81d4bb10c2c23c6D871,MAX,V2,V2,PENDING_MILESTONES,手动调整,6600,-,300,800,45_DAYS,是,1,0,54.00,0.42,1,正常
0xeeD9945080727f4F07ac75DDa90e0f78086095a8,MAX,V2,V2,PENDING_MILESTONES,手动调整,6600,-,300,800,90_DAYS,是,1,0,54.00,0.55,1,正常
0x291dd76f425661e1eDd847FE212A476fE3F1D1c9,MAX,V2,V2,PENDING_MILESTONES,手动调整,6600,-,300,800,90_DAYS,是,1,0,54.00,3.54,1,正常
0x9fa0656BB0B7f050353A12aa0c05e1De866d0960,MAX,V2,V2,PENDING_MILESTONES,真实付费,6600,0x4c70a7a0f56402f82dd24ad0f75f43f4663cb1e104cef0cea6e4119340f35bb7,300,800,45_DAYS,是,0,0,54.00,0.00,1,正常
0xAf26c655E40d64FB34915b28b2954c343e6e4990,MAX,V2,V2,PENDING_MILESTONES,手动调整,6600,-,300,800,90_DAYS,是,2,0,108.00,8.23,1,正常
0xacE0997D20e19E836111893b23d92a3c9Ac96429,MAX,V2,V2,PENDING_MILESTONES,手动调整,6600,-,200,800,90_DAYS,是,2,0,54.00,6.16,1,正常
0x49c9eF696fdf210c123Af3394739A17976dC0c5B,MAX,V2,V2,PENDING_MILESTONES,手动调整,6600,-,300,300,45_DAYS,是,1,0,54.00,1.84,1,正常
0x5457A132F8F81D3Fd05F4F1f7402ff9763e017ed,MAX,V2,V2,PENDING_MILESTONES,手动调整,6600,-,400,900,90_DAYS,是,1,0,108.00,3.70,1,正常
0x46aB2A82d9AA95e6ff6DA6615249ff8Bfcc0f5D8,MAX,V2,V2,PENDING_MILESTONES,真实付费,6600,0xd731a2f39b15b0c6b819222573e4c0a5a262196c5032ccc5e8c560109560d835,300,800,90_DAYS,是,1,0,108.00,0.42,1,正常
0x8973F047F8b8F1f528005a5B4De18530332FE527,MAX,V2,V2,PENDING_MILESTONES,手动调整,6000,-,300,800,90_DAYS,是,0,0,108.00,0.00,1,正常
0xdFeF16bafa2863115248FD61d4F7202dAc93AF93,MAX,V2,V2,PENDING_MILESTONES,手动调整,6600,-,300,300,90_DAYS,是,1,0,0.00,0.00,1,正常
0x864Ff8c2f8CC9E15fe3478f67a61A7FF0De5835d,MAX,V2,V2,PENDING_MILESTONES,真实付费,6000,0x534d9dcaa1a58303e5f73661c63fef1d0bbdb3e40bf35251c3760669d9070ea1,300,800,90_DAYS,是,3,0,108.00,6.22,1,正常
0xDFEdEe3d917800B2D59A45a58DFA34246D034aaF,MAX,V2,V2,PENDING_MILESTONES,真实付费,6000,0x723588746ec78acc976940a3283cd88030dc3019342fa2061eb18923f318a353,300,300,90_DAYS,是,1,0,0.00,0.00,1,正常
0x101E524CB6c76FaCb83114f3883ec777AE7F6E45,MAX,V2,V2,PENDING_MILESTONES,手动调整,6600,-,300,800,90_DAYS,是,20,0,108.00,0.00,1,正常
0x19A4BaDf8A29CEB7cB29D54DE785F19EDE16709B,MAX,V2,V2,PENDING_MILESTONES,真实付费,6000,0x35b45662e372072958ac56b998ca3df3fc1a803a1e74ae1a081ff602b40c5b78,300,800,90_DAYS,是,0,0,108.00,0.00,1,正常
0x829716a93577e2a2EDee76769DC0439A0BE08438,MAX,V2,V2,PENDING_MILESTONES,手动调整,6000,-,300,800,90_DAYS,是,3,0,108.00,2.18,1,正常
0x140BDE66b20cD4EfC4D81Af277868f81101F4158,MAX,V1,V1,PENDING_MILESTONES,手动调整,6600,-,200,700,90_DAYS,是,1,1,9.00,1.44,1,正常
0x140BDE66b20cD4EfC4D81Af277868f81101F4158,MAX,V1,V1,PENDING_MILESTONES,手动调整,6600,-,200,700,90_DAYS,是,1,1,9.00,1.44,1,正常
0x46cA98B5200B42559b84BAC19f05a25a2113Ef4a,MAX,V1,V1,PENDING_MILESTONES,真实付费,6600,0x6a75c100efde34db0b311c97def1a0150576adba17b057dac95eb60ef390b36a,100,600,90_DAYS,是,1,1,0.00,2.53,1,正常
0xf1AF152BBF9E65eb8b0A578a6939c948c3441B95,MAX,V0,-,PENDING_MILESTONES,手动调整,6600,-,100,600,45_DAYS,是,0,0,0.00,0.00,0,正常
0x8fB8BEc9eD4AA4d614Ba8355D6909Df33c119137,MAX,V0,-,ACTIVE,手动调整,6000,-,100,600,90_DAYS,是,0,0,0.00,0.56,1,正常
0x418fed9b4346CeDCA62B2Baa79a6b8374a78Bc53,MAX,V0,-,PENDING_MILESTONES,手动调整,6600,-,100,600,45_DAYS,是,1,0,0.00,0.14,0,正常
0xDc913a221b170b6E3919917Fc85B30C0eD8C254a,MAX,V0,-,PENDING_MILESTONES,手动调整,6600,-,100,600,90_DAYS,是,1,0,0.00,0.54,0,正常
0x9Db5Eae77360779a29E3C2c81825D33Cf1d7757C,MAX,V0,-,PENDING_MILESTONES,手动调整,6600,-,100,600,45_DAYS,是,1,0,0.00,0.42,0,正常
0x2d9A2Cf1C7B52431BF6B35e4eBe3aC3b602f2302,MAX,V0,-,PENDING_MILESTONES,手动调整,6000,-,0,0,-,否,0,0,0.00,0.00,0,正常
0x719A700DB0bA9fb6972A90f0895fC57842969Ba0,MAX,V0,-,PENDING_MILESTONES,真实付费,6000,0xce91ef40dd775cbe0e9c25a2574d1760953c77548f2fb27552f6de3ce7a61f30,0,0,-,否,1,1,0.00,0.00,0,正常
0xab31147Eb3123CE4Fa1e674e5dedB32d033b5947,MAX,V0,-,PENDING_MILESTONES,真实付费,6000,0x27dc1e6d7d5e70741afe4ed68f4d7e4dfbd40a71f1d72296e901d5d892b998e9,0,0,-,否,0,0,0.00,0.00,0,正常
0x343b32FA39F6a1D802E2919d2c46E67411B470f9,MAX,V0,-,PENDING_MILESTONES,真实付费,6000,0x80c3b897788f3a43a148483b4f05ea2bfcd782013cfc27bd2a4bec465d3992f3,0,0,-,否,2,0,0.00,0.00,0,正常
0x9DDE5a3F2d077D5E410B5Bdba030a74F974A3C0c,MAX,V0,-,PENDING_MILESTONES,真实付费,6000,0xc203bd2ad70a5cb8d91230d8aacf105b52d4baf91330e61832d2b235b7805626,0,0,-,否,1,0,0.00,0.00,0,正常
0x55326d159B9e1dc728972154004834198c076808,MAX,V0,-,PENDING_MILESTONES,手动调整,6600,-,0,0,-,否,1,0,0.00,0.00,0,正常
0x5792Af2781c13e3efF2f9F77f978ca0797E23f21,MAX,V0,-,PENDING_MILESTONES,手动调整,6600,-,0,0,-,否,0,0,0.00,0.00,0,正常
0x7e8053586F0E6FccF5103F796B9C15b9d3a20487,MAX,V0,-,PENDING_MILESTONES,手动调整,6600,-,0,0,-,否,1,0,0.00,0.00,0,正常
0x90Ff491e862421665Afde1BE31d7a0b4b6337293,MAX,V0,-,PENDING_MILESTONES,手动调整,6600,-,0,500,-,否,0,0,0.00,0.00,0,正常
0xA1C72877B4B2E71C26D32059860DE3f00c93Cbf1,MAX,V0,-,PENDING_MILESTONES,真实付费,6000,0x93707a2615f579f27d22ff264dc1d3bb49bda2cdcea02563d50abd94992dc5de,0,0,-,否,3,0,0.00,0.00,0,正常
0x4D9aB6C3366328F0308EaD7140915A3Ffa9A5906,MAX,V0,-,PENDING_MILESTONES,真实付费,6000,0x0f786ec44c7e5d6c0a46c545397162e7f854dc092425959198a777a2ce37998e,0,0,-,否,1,0,0.00,0.00,0,正常
0xE73727956EADC1C2E03Efc53Fe58954dc584D434,MAX,V0,-,PENDING_MILESTONES,真实付费,6000,0x3e1cc7ee2dcc010ace5b77f7ccd1ce7347c86ad7d4eabb0f62c3b3387dbff6e0,0,0,-,否,0,0,0.00,0.00,0,正常
0x02F26b45d2ffF32fc462094907E30D9D60460ac9,MAX,V0,-,PENDING_MILESTONES,真实付费,6000,0xdbc18831d439e7100786abb4ce07d38a36fc37d39e18d24e4244f520586bbd9d,0,0,-,否,1,0,0.00,0.00,0,正常
0xAB5A1CF5672738e50ABec05C0e7aF2777BC44CC0,MAX,V0,-,PENDING_MILESTONES,真实付费,6000,0x573b5451441cba8e15631d2120895008eaf84c6645bd5f2bd50ac8c012e371c8,0,0,-,否,1,0,0.00,0.00,0,正常
0xDB4A39b6AE9c35764D4d29f91CB04Ab16E395197,MAX,V0,-,PENDING_MILESTONES,真实付费,6000,0xd8b58d822675b6289b9f4df3decfb5871a98ff2362e7fa87cd8ab1fc1d959bb3,0,0,-,否,1,0,0.00,0.00,0,正常
0xE9DAc1DCD2F7b8d24cB181e7b717532BD6794FE7,MAX,V0,-,PENDING_MILESTONES,真实付费,6000,0x38eedef7641f43336ccdd99f89a40ad37b3ced6c43c7f43056e3501976346232,0,0,-,否,1,0,0.00,0.00,0,正常
0xC5370dFdA5Ba09bABFbe1B040574afc76F2c3b7D,MAX,V0,-,PENDING_MILESTONES,真实付费,6000,0x601e1ff05c2466b9954b4e04180d3e9ddb10e3079bf9fb29a7800fff7aee584b,0,0,-,否,7,0,0.00,0.00,0,正常
0xcBBEdbEa890FBc82b758e687710d5522d702674D,MAX,V0,-,PENDING_MILESTONES,真实付费,6000,0x83ec4ea825977d49fb9c419ecab7e07e017b63f829d6cf05f124cec0dae6487b,0,0,-,否,0,0,0.00,0.00,0,正常
0x11aBaD7e79cD01410a4703ba764fCC554911D841,MAX,V0,-,PENDING_MILESTONES,真实付费,6000,0x3542f5b12f5a0e7665adcc7503691ec2df435f4a5179c298fe484904cba5a23a,0,0,-,否,1,0,0.00,0.00,0,正常
0x79f55784093754D40bEC57AaeF74fF93Bf241fc2,MAX,V0,-,PENDING_MILESTONES,真实付费,6000,0x64e351066caaf7252137603ef50992c7fa368b4c8ae5bd4c4d953c561ce0e255,0,0,-,否,2,0,0.00,0.00,0,正常
0x0779873a472f00e9004c39E5723b60F65c99768B,MAX,V0,-,PENDING_MILESTONES,真实付费,6000,0xeda1b03824e2960b34b5546c8e909ef50d456656562dec2a6f6f51885421e6ab,0,500,-,否,1,0,0.00,0.00,0,正常
0xA0A7658deDEFe7b02a4F80De379cAd490Db2378a,MAX,V0,-,PENDING_MILESTONES,手动调整,6600,-,0,0,-,否,0,0,0.00,0.00,0,正常
0x9e0aE3De76eE05e64183329B2F7C5f6168488762,MAX,V0,-,PENDING_MILESTONES,真实付费,6000,0x9ee15053b467ab182aa79827dd38893d311aee2f45bc4e5c7a23ce5518519ffe,0,500,-,否,1,0,0.00,0.00,0,正常
0xA1f7C06Cf7ac71028Ba9fe5365638cB08feED796,MAX,V0,-,PENDING_MILESTONES,真实付费,6000,0xfc8d9d86602916a0343414f1b75ebe9703cb0f000f425b3d8de6d3db3ae50176,0,0,-,否,0,0,0.00,0.00,0,正常
0xE0f9Cd2eC98ad4641B9aE27c4Ad01925e69B85b6,MAX,V0,-,PENDING_MILESTONES,真实付费,6000,0x49738f487e16e0d54781733220e69664d96710038ede4d46f33431e820f4d437,0,500,-,否,0,0,0.00,0.00,0,正常
0xBeEb00fdcE0EE7414F6c6e7BaF029c35A119f4a0,MAX,V0,-,PENDING_MILESTONES,手动调整,6600,-,0,500,-,否,0,0,0.00,0.00,0,正常
0xCDE2C47516cF2159B19F1107946cD658897175E4,MAX,V0,-,PENDING_MILESTONES,手动调整,6600,-,0,0,-,否,1,0,0.00,0.00,0,正常
0xc0BC74e099E9b46B4000aB86e326C99Ca29f05AE,MAX,V0,-,PENDING_MILESTONES,手动调整,6600,-,0,0,-,否,1,0,0.00,0.00,0,正常
0x379f98B2ad227883F8a10A3A02442959a5315e3d,MAX,V0,-,PENDING_MILESTONES,真实付费,6000,0x596e7764a4a0af2aa36e7c2077686082025cd31c9e144740b9b575bb18016d79,0,0,-,否,0,0,0.00,0.00,0,正常
0x3fe59B27Be22a80CE5Cdca86d551ad242f894427,MAX,V0,-,PENDING_MILESTONES,真实付费,6000,0x4e27d44bb51e6eaf0dea3c3a6ee0ad4e98ba011a67e52179d0e676f260b75b88,0,0,-,否,0,0,0.00,0.00,0,正常
0xEdba6252947b1A94Ae410F957cE76c1A71E95760,MAX,V0,-,PENDING_MILESTONES,真实付费,6000,0x38a1e69f666437ce8e7a5da871be4a2813f6ef6e18ba365fe093f3ec94662ad8,0,0,-,否,0,0,0.00,0.00,0,正常
0x55d09C33B3EC0C8CC029cEF999e0BFDb3dc32cc8,MAX,V0,-,PENDING_MILESTONES,真实付费,6000,0xa938c6351a450e8f59bea6d0446732ed215c7b6df7389ba1669c53cf3e7c0788,0,0,-,否,0,0,0.00,0.00,0,正常
0xDD64663CD7Ec2C137dCB90964E066853C2477c73,MAX,V0,-,PENDING_MILESTONES,真实付费,6000,0x23f0048ebce30b8d44bfdba2f9add08d30721142ece24c55d3a6901701865c71,0,0,-,否,0,0,0.00,0.00,0,正常
0x4e89c18b1aEAd7adac66D36F09fCE402a07bFCE8,MAX,V0,-,PENDING_MILESTONES,真实付费,6000,0x0cb09eec636ee995402c176dcd5a82c96f28a8fc0d8a0c4abec14e5e302b2090,0,0,-,否,0,0,0.00,0.00,0,正常
0x20003D92B15AFa68D9440802dB0EE762f2bc69a0,MAX,V0,-,PENDING_MILESTONES,真实付费,6000,0x5dbcaf43093c8f88bcfe55a1e88629dec6018203a771b853b3d744d60f42f367,0,0,-,否,1,0,0.00,0.00,0,正常
0xbD2eDD3E7cA919d977ac1b59DF285e35C83946F0,MAX,V0,-,PENDING_MILESTONES,真实付费,6000,0xc3d563c1b8e3df011976fb2a8a3097e84c23d7d1a65497ae6f9bd12b73833c56,0,500,-,否,1,0,0.00,0.00,0,正常
0xd5d4C40449f61CFD518F80F4d9fCFe74b6Ed550C,MAX,V0,-,PENDING_MILESTONES,真实付费,6000,0x86998f3383b533a42afa842110dbf52591ab8070e5cb2fc7c97fccd1f6eea26f,0,500,-,否,2,0,0.00,0.00,0,正常
0x89b4E7EF986DccA8A0499271d74c9A56c35DEd8B,MAX,V0,-,PENDING_MILESTONES,真实付费,6000,0x6f800e25551ab85c8e5ea1dd639da4cc740b907072acdc0e1af6c7a0cd81b835,0,500,-,否,0,0,0.00,0.00,0,正常
0xC548e9951dc8e9B1ffd628B780576b64eE967Ec0,MAX,V0,-,PENDING_MILESTONES,真实付费,6000,0xa40d68f19bf7a7ee68f94e86cb879689d6d30640d49eabf95c7e43dc5947a944,0,500,-,否,0,0,0.00,0.00,0,正常
0x697e4feAd37a1C9105EA606d0D4e5590Df754B63,MAX,V0,-,PENDING_MILESTONES,真实付费,6000,0x3bc1600c67ced646387062aa049b00b195bd8d9d4a6be70138a5046de7f6d87a,0,500,-,否,0,0,0.00,0.00,0,正常
0x155726439469578ef3E918311CbB721e67e7E4e6,MAX,V0,-,PENDING_MILESTONES,真实付费,6000,0x21475eab406af9d551515a60410be54c146fddff6bf9a5b49fb340691fb4251e,0,500,-,否,0,0,0.00,0.00,0,正常
0xa1Ce411a5733512640D1cf0c145C5aAb585CeDa0,MAX,V0,-,PENDING_MILESTONES,真实付费,6000,0x248ab8e73b7cbe8131b21dac8f76d39b069a92bba172a6b1d280b547213abcc9,0,500,-,否,0,0,0.00,0.00,0,正常
0x4bdE5898cA3aB977F564b54E973aeE90e361AEA9,MAX,V0,-,PENDING_MILESTONES,真实付费,6000,0x6bc07cedc4d35a822e44da47f12d0e5e0bb208cfc89d303b5a40ce6a77fa894b,0,500,-,否,1,0,0.00,0.00,0,正常
0x92572c22D44817d85de27bBC3AAdaf0875dEF7c0,MAX,V0,-,PENDING_MILESTONES,真实付费,6000,0x215b36b1495ff3154f712510abc8decd9e75ee26bda7e5bbaf9f58c5cc01a34f,0,500,-,否,0,0,0.00,0.00,0,正常
0xdA4Fad9b9c9c4aA6d43C3409229F9D77C325bdb7,MAX,V0,-,PENDING_MILESTONES,手动调整,6600,-,0,0,-,否,2,1,0.00,0.00,0,正常
0xD208b1fe0F1a1A48c0fe0eE893ae6021606A1526,MAX,V0,-,PENDING_MILESTONES,手动调整,6600,-,0,500,-,否,1,0,0.00,0.00,0,正常
0xD47f6dFfB05Dd36A40f8D8371b952D7e3a63E006,MAX,V0,-,PENDING_MILESTONES,手动调整,6600,-,0,0,-,否,0,0,0.00,0.00,0,正常
0xE736694D699e7CF7Cf371dED69EaC89B7D297Af7,MAX,V0,-,PENDING_MILESTONES,手动调整,6600,-,0,0,-,否,1,0,0.00,0.00,0,正常
0x08d539Bb6355DB1969C6B0aBd28f6337Beefb46e,MAX,V0,-,PENDING_MILESTONES,手动调整,6600,-,0,0,-,否,4,0,0.00,0.00,0,正常
0x0dE8E82E7A85e8c79ed6e517A90B0CED66D6CD31,MAX,V0,-,PENDING_MILESTONES,手动调整,6600,-,0,0,-,否,0,0,0.00,0.00,0,正常
0x0EA06c51b57786F27AD330771b59416E5350Cd6E,MAX,V0,-,PENDING_MILESTONES,手动调整,6600,-,0,0,-,否,0,0,0.00,0.00,0,正常
0x0Ec21Ca254eD05C5Cd12d7f1F10BA699aEB51747,MAX,V0,-,PENDING_MILESTONES,手动调整,6600,-,0,0,-,否,0,0,0.00,0.00,0,正常
0x0f083CDA691E32029c445998862460e4902B6d85,MAX,V0,-,PENDING_MILESTONES,手动调整,6600,-,0,0,-,否,0,0,0.00,0.00,0,正常
0x1168E96D4Be3c320917169C212fcFA6B582bD741,MAX,V0,-,PENDING_MILESTONES,手动调整,6600,-,0,0,-,否,0,0,0.00,0.00,0,正常
0x15F46735aC7590b6c6fE744E9b7f317b893c3C4C,MAX,V0,-,PENDING_MILESTONES,手动调整,6600,-,0,500,-,否,0,0,0.00,0.00,0,正常
0x1708e98DEE6E72975FC09D29B0f7D8e8eeC31E42,MAX,V0,-,PENDING_MILESTONES,手动调整,6600,-,0,0,-,否,0,0,0.00,0.00,0,正常
0x171b92a3aBE9B06Cd6784958BfE770b9315CC31e,MAX,V0,-,PENDING_MILESTONES,手动调整,6600,-,0,0,-,否,0,0,0.00,0.00,0,正常
0x1CB9A76d9e60eF915c6aAB69D8f063cD5734E806,MAX,V0,-,PENDING_MILESTONES,手动调整,6600,-,0,0,-,否,0,0,0.00,0.00,0,正常
0x1d34d6d9eE5614635a967cF2cB033753F5E73eDc,MAX,V0,-,PENDING_MILESTONES,手动调整,6600,-,0,500,-,否,0,0,0.00,0.00,0,正常
0x1e0f57bfADB091A003A4908BA970B586FfDde52a,MAX,V0,-,PENDING_MILESTONES,手动调整,6600,-,0,0,-,否,0,0,0.00,0.00,0,正常
0x209a3deEE3b00C77bF4131885A967D4b6AA01E48,MAX,V0,-,PENDING_MILESTONES,手动调整,6600,-,0,0,-,否,1,0,0.00,0.00,0,正常
0x21b7bB430F3991deb00487da9d2A39E03A7D1d7f,MAX,V0,-,PENDING_MILESTONES,手动调整,6600,-,0,0,-,否,2,0,0.00,0.00,0,正常
0x24c563381B2207f3b1390dFD1B1727baB0941026,MAX,V0,-,PENDING_MILESTONES,手动调整,6600,-,0,0,-,否,0,0,0.00,0.00,0,正常
0x26A9fbCCcE2ebcF4887C556385a55bea86ebDCDF,MAX,V0,-,PENDING_MILESTONES,手动调整,6600,-,0,0,-,否,0,0,0.00,0.00,0,正常
0xf183eE9197061D1989ACF93d84e2442cDA961af6,MAX,V0,-,PENDING_MILESTONES,手动调整,6600,-,0,500,-,否,0,0,0.00,0.00,0,正常
0xF81120213501c8bFdCF4c82dAE40276F03745F60,MAX,V0,-,PENDING_MILESTONES,手动调整,6600,-,0,0,-,否,1,0,0.00,0.00,0,正常
0x2fBf351D877dbBb7807164e5B122e832868E2eE7,MAX,V0,-,PENDING_MILESTONES,手动调整,6600,-,0,0,-,否,0,0,0.00,0.00,0,正常
0x3286Edb1d0E4ABc07F5E6021Cc56679fE4de446C,MAX,V0,-,PENDING_MILESTONES,手动调整,6600,-,0,0,-,否,1,0,0.00,0.00,0,正常
0x3332dA4299E5aaA916Fb0033fF539e492eE4DFa2,MAX,V0,-,PENDING_MILESTONES,手动调整,6600,-,0,0,-,否,0,0,0.00,0.00,0,正常
0x354609721aCE9C92aB36f982cf392CFD88304091,MAX,V0,-,PENDING_MILESTONES,手动调整,6600,-,0,0,-,否,0,0,0.00,0.00,0,正常
0x38C4fa2c3335132A6c5d43187De86696298b3D3E,MAX,V0,-,PENDING_MILESTONES,手动调整,6600,-,0,0,-,否,0,0,0.00,0.00,0,正常
0x3975ec759360D8AA7B8039ecA8eF8713EBFde77E,MAX,V0,-,PENDING_MILESTONES,手动调整,6600,-,0,500,-,否,0,0,0.00,0.00,0,正常
0x398F11292cA8C55a0cB780B331Bb9AB736953d4f,MAX,V0,-,PENDING_MILESTONES,手动调整,6600,-,0,0,-,否,0,0,0.00,0.00,0,正常
0x3b9625D1755364285Dc09D67e06A3A7D2e72042a,MAX,V0,-,PENDING_MILESTONES,手动调整,6600,-,0,0,-,否,2,0,0.00,0.00,0,正常
0x404Fe5a16e5eD1bB8f0Ce8e49763208dB1F443AE,MAX,V0,-,PENDING_MILESTONES,手动调整,6600,-,0,0,-,否,0,0,0.00,0.00,0,正常
0x4126a071fE3432195712061Be13F3948E079fe4C,MAX,V0,-,PENDING_MILESTONES,手动调整,6600,-,0,0,-,否,3,0,0.00,0.00,0,正常
0x416b4f444f563DF5db20532471532FC72857141a,MAX,V0,-,PENDING_MILESTONES,手动调整,6600,-,0,0,-,否,0,0,0.00,0.00,0,正常
0x49C264bBe7291fdA78dBEc2565803f1c2472D5B5,MAX,V0,-,PENDING_MILESTONES,手动调整,6600,-,0,0,-,否,0,0,0.00,0.00,0,正常
0x0E7083f4286ccA68f6EC0Af8342325017AC41abc,MAX,V0,-,PENDING_MILESTONES,手动调整,6600,-,0,0,-,否,6,0,0.00,0.00,0,正常
0x4ddA15CB87F3eDfD7b43C6a46de9cfcF32eeC818,MAX,V0,-,PENDING_MILESTONES,手动调整,6600,-,0,0,-,否,0,0,0.00,0.00,0,正常
0x9aD72FA3E5AB429DceB63Ea7C1A5292E389FD01b,MAX,V0,-,PENDING_MILESTONES,手动调整,6600,-,0,500,-,否,0,0,0.00,0.00,0,正常
0x53e4E3cB998a0889Fea692e5cCe761A2e61Da5cf,MAX,V0,-,PENDING_MILESTONES,手动调整,6600,-,0,500,-,否,0,0,0.00,0.00,0,正常
0xa266658Ca49afD1FA7540e36b01a71D3cDcd2373,MAX,V0,-,PENDING_MILESTONES,手动调整,6600,-,0,0,-,否,0,0,0.00,0.00,0,正常
0x1A7888C66217a0C07a827B040FF0F683d77D20C1,MAX,V0,-,PENDING_MILESTONES,手动调整,6600,-,0,0,-,否,0,0,0.00,0.00,0,正常
0x26a491Fd9D6481c8F5f26572E8A1001763f83672,MAX,V0,-,PENDING_MILESTONES,手动调整,6600,-,0,0,-,否,0,1,0.00,0.00,0,正常
0x9BA0a53028F3bf7bF68bFC45425AC532a9aBB0b0,MAX,V0,-,PENDING_MILESTONES,真实付费,6000,0x57caf68e472267e2e3bcaa9ed7817900d68dbf7732a6809eab6a9b1a7ea20f83,0,0,-,否,0,0,0.00,0.00,0,正常
0xFa8CDe05DB3B86B9228643f4f72368e8482e2936,MAX,V0,-,PENDING_MILESTONES,真实付费,6000,0x3707f8406c994131c006224bed352c3f22dbd15e081a2d93a1cf85401db0e359,0,0,-,否,0,0,0.00,0.00,0,正常
0x35136Eca39E0FD81d807fA94eBB83cF6b1504bc7,MAX,V0,-,PENDING_MILESTONES,手动调整,6600,-,0,0,-,否,0,1,0.00,0.00,0,正常
0x3d645e87c76d8e67a812Bc343b39a116A050793A,MAX,V0,-,PENDING_MILESTONES,手动调整,6600,-,0,500,-,否,0,0,0.00,0.00,0,正常
0x80B3D65d261114a56D0689d32BF1b171b47f5C53,MAX,V0,-,PENDING_MILESTONES,手动调整,6600,-,0,500,-,否,0,0,0.00,0.00,0,正常
0x5250C21CE769F64b4e6a7d6Bc03Bbc028BfFe1E6,MAX,V0,-,PENDING_MILESTONES,手动调整,6600,-,0,500,-,否,0,0,0.00,0.00,0,正常
0x54e3262408E51b1797C132E30fb3c94C6B460101,MAX,V0,-,PENDING_MILESTONES,手动调整,6600,-,0,500,-,否,1,0,0.00,0.00,0,正常
0xE2b85b40c9853b1F99b168Cd078dd6052FeB72B6,MAX,V0,-,PENDING_MILESTONES,真实付费,6000,0x5d662134b89111eea10b39e699686cf3c78cb09d81e1bea9d021ec6ed6db6903,0,0,-,否,0,0,0.00,0.00,0,正常
0x601a1d2406289c3Bf9024b81D7F1Fc55d2452fe7,MAX,V0,-,PENDING_MILESTONES,真实付费,6000,0x3f02ef8cad84b0da6158aab925a03788a399afb8dc9aadf53dee182c7a139e7d,0,0,-,否,0,0,0.00,0.00,0,正常
0x53e4E3cB998a0889Fea692e5cCe761A2e61Da5cf,MAX,V0,-,PENDING_MILESTONES,手动调整,6600,-,0,500,-,否,0,0,0.00,0.00,0,正常
0x150f9603433B990bA651e92FAa85cFfe075C2900,MAX,V0,-,PENDING_MILESTONES,真实付费,6600,0xf3eb6368be3fbc55669cb69d2172b07059b6f9213b12e2fcf72434178969a106,0,500,-,否,0,0,0.00,0.00,0,正常
0x62820741f652C017b99De542f02b655Fa64Baf97,MAX,V0,-,PENDING_MILESTONES,真实付费,6000,0x69188993614f8ad12fcecb460229b0ffacb10ec457042b1906ceb9ec258b923d,0,0,-,否,0,0,0.00,0.00,0,正常
0xeB1963D6a10B0efc01D4ebB8419e49dC033A4362,MAX,V0,-,PENDING_MILESTONES,真实付费,6000,0x8bb801ab77ce978e416b794b26dd0f4f20bdf987ca99465d18a3c5029e644805,0,0,-,否,0,0,0.00,0.00,0,正常
0xbeD58351A48C88db6ACAcF199D2E950f0fE92B3d,MAX,V0,-,PENDING_MILESTONES,真实付费,6000,0x2dbf10bb070c197cd9f142608005d201a2793a16c47de3aa235c6637b64027c1,0,0,-,否,0,0,0.00,0.00,0,正常
0xcc3C0a844Ede9661a8535ab9eE674268CD1780EF,MAX,V0,-,PENDING_MILESTONES,手动调整,6600,-,0,0,-,否,0,0,0.00,0.00,0,正常
0xCca08d35AE5B1CaE8C317d10F841787242e0EdF2,MAX,V0,-,PENDING_MILESTONES,手动调整,6600,-,0,0,-,否,1,0,0.00,0.00,0,正常
0x00B7060a33767Fa08bEC576EBbB950386cCFc9df,MAX,V0,-,PENDING_MILESTONES,手动调整,6600,-,0,500,-,否,2,0,0.00,0.00,0,正常
0x1C5ab0D0DAeFE9B05072DA64ae94577d698214d6,MAX,V0,-,PENDING_MILESTONES,手动调整,6600,-,0,500,-,否,0,0,0.00,0.00,0,正常
0x24A7caE026A43aF6E37D7Df0a3d320349b5Be3B5,MAX,V0,-,PENDING_MILESTONES,手动调整,6600,-,0,500,-,否,0,0,0.00,0.00,0,正常
0xd733C9C1B3F48793F81926f4ee2101c46c4b09aE,MAX,V0,-,PENDING_MILESTONES,手动调整,6600,-,0,500,-,否,1,0,0.00,0.00,0,正常
0xD86661E102f858Cb4cBCF22B9eBcae68B3BfBe49,MAX,V0,-,PENDING_MILESTONES,手动调整,6600,-,0,0,-,否,1,0,0.00,0.00,0,正常
0xDB0f0855bE88e7411E9483FB423d186f71e44534,MAX,V0,-,PENDING_MILESTONES,手动调整,6600,-,0,0,-,否,0,0,0.00,0.00,0,正常
0xdb1174843fEE926e88c38C6598e381bf8d28aA71,MAX,V0,-,PENDING_MILESTONES,手动调整,6600,-,0,0,-,否,0,0,0.00,0.00,0,正常
0x7F46237Ac0AadA612FAB6296102a3DF04501b081,MAX,V0,-,PENDING_MILESTONES,手动调整,6600,-,0,500,-,否,0,0,0.00,0.00,0,正常
0xe049AB136B4f5b0DA7541FF3Ad33766007fa9E8d,MAX,V0,-,PENDING_MILESTONES,手动调整,6600,-,0,0,-,否,0,0,0.00,0.00,0,正常
0xe0b426040e22516a4351A3E29E1ba264476d561D,MAX,V0,-,PENDING_MILESTONES,手动调整,6600,-,0,0,-,否,1,0,0.00,0.00,0,正常
0xe449e212EDE31720088BA46496DE85Ddce0F5B15,MAX,V0,-,PENDING_MILESTONES,手动调整,6600,-,0,0,-,否,7,0,0.00,0.00,0,正常
0xe5B97Ef0bd8Cb448e7A9Add9c3d61a8eBA83a8F7,MAX,V0,-,PENDING_MILESTONES,手动调整,6600,-,0,0,-,否,0,0,0.00,0.00,0,正常
0xE62f71A9426AF32C1D0e8d3eCaA34d162859535B,MAX,V0,-,PENDING_MILESTONES,手动调整,6600,-,0,0,-,否,1,0,0.00,0.00,0,正常
0xE7FB7d6Fa56d7D13274FC898a7CCDdc7D7700b9C,MAX,V0,-,PENDING_MILESTONES,手动调整,6600,-,0,0,-,否,1,0,0.00,0.00,0,正常
0xeA7b299ff2B07419b88855305EfbC009b8b29E6C,MAX,V0,-,PENDING_MILESTONES,手动调整,6600,-,0,0,-,否,0,0,0.00,0.00,0,正常
0xEcaB0C0cA01b8a5970Bd993E96f6220c8A4Ff6Dd,MAX,V0,-,PENDING_MILESTONES,手动调整,6600,-,0,0,-,否,0,0,0.00,0.00,0,正常
0x73867557292d251CFB452E4218B0cE098b3d147B,MAX,V0,-,PENDING_MILESTONES,手动调整,6600,-,0,500,-,否,0,0,0.00,0.00,0,正常
0xed5dc33C85db878914AEF833E38852f7B5f48096,MAX,V0,-,PENDING_MILESTONES,手动调整,6600,-,0,0,-,否,3,0,0.00,0.00,0,正常
0x2A56d445bA2aD5Bd9C1Bb592793deA1a3427cD8A,MAX,V0,-,PENDING_MILESTONES,手动调整,6600,-,0,500,-,否,0,0,0.00,0.00,0,正常
0x6efBA7331AEcB1bA9fb2f1f02D9732110749932A,MAX,V0,-,PENDING_MILESTONES,手动调整,6600,-,0,0,-,否,0,0,0.00,0.00,0,正常
0xF32450109df8DFD5748BCaEc62d5B8E396E27557,MAX,V0,-,PENDING_MILESTONES,手动调整,6600,-,0,0,-,否,1,0,0.00,0.00,0,正常
0xF334BAE1Cf0c2E09DF42c1bF2157e9aF0CAE20Ce,MAX,V0,-,PENDING_MILESTONES,手动调整,6600,-,0,0,-,否,1,0,0.00,0.00,0,正常
0x2869D0F1AB14638Fc07017a820235934e0Fa8411,MAX,V0,-,PENDING_MILESTONES,手动调整,0,-,0,0,-,否,2,0,0.00,0.00,0,正常
0x7cB1204E41AC2DfB0Dcd217A1e21FD4e0d9397de,MAX,V0,-,PENDING_MILESTONES,手动调整,6600,-,0,500,-,否,3,0,0.00,0.00,0,正常
0x24A7caE026A43aF6E37D7Df0a3d320349b5Be3B5,MAX,V0,-,PENDING_MILESTONES,手动调整,6600,-,0,500,-,否,0,0,0.00,0.00,0,正常
0xf6bc901922b399a7A893327BC481Af8C4b50838a,MAX,V0,-,PENDING_MILESTONES,手动调整,6600,-,0,0,-,否,1,0,0.00,0.00,0,正常
0xfA02Fb81704e275c3116eE550Ef018bC543587b4,MAX,V0,-,PENDING_MILESTONES,手动调整,6600,-,0,0,-,否,0,0,0.00,0.00,0,正常
0xFb1BEEBaFa8f9EDc951E9b55EbEA72242EC39C84,MAX,V0,-,PENDING_MILESTONES,手动调整,6600,-,0,0,-,否,0,0,0.00,0.00,0,正常
0xFdb40b8204B60B16903fd638febDf62271eB8570,MAX,V0,-,PENDING_MILESTONES,手动调整,6600,-,0,0,-,否,0,0,0.00,0.00,0,正常
0xfDD288d999edC8fa0b2ce94f06984fD9227f7bc7,MAX,V0,-,PENDING_MILESTONES,手动调整,6600,-,0,0,-,否,2,0,0.00,0.00,0,正常
0x05Ae522574A8F535Fa4423F4fd1D06287af7c991,MAX,V0,-,PENDING_MILESTONES,手动调整,6600,-,0,0,-,否,1,0,0.00,0.00,0,正常
0x96289b10Cb10EE4957846994db65F1bA4d8F28b5,MAX,V0,-,PENDING_MILESTONES,手动调整,6600,-,0,0,-,否,0,0,0.00,0.00,0,正常
0xA7f3a00795D9b7c0a6Dc7848205D51AAbE0F6D57,MAX,V0,-,PENDING_MILESTONES,手动调整,6600,-,0,500,-,否,2,0,0.00,0.00,0,正常
0x1C5ab0D0DAeFE9B05072DA64ae94577d698214d6,MAX,V0,-,PENDING_MILESTONES,手动调整,6600,-,0,500,-,否,0,0,0.00,0.00,0,正常
0x09Cd04cAee118215eE3da168Fe3a7ceaabe0E244,MAX,V0,-,PENDING_MILESTONES,手动调整,6600,-,0,0,-,否,0,1,0.00,0.00,0,正常
0xC7510f41a02251A307919c943b4Cf50a2cdE9b25,MAX,V0,-,PENDING_MILESTONES,手动调整,6600,-,0,0,-,否,0,0,0.00,0.00,0,正常
0x00B7060a33767Fa08bEC576EBbB950386cCFc9df,MAX,V0,-,PENDING_MILESTONES,手动调整,6600,-,0,500,-,否,2,0,0.00,0.00,0,正常
0x0D525Ed60D7F05C4E5b20B7E1c24e7455ae34394,MAX,V0,-,PENDING_MILESTONES,手动调整,6600,-,0,0,-,否,0,0,0.00,0.00,0,正常
0x0e7B6CA561d6Bd22E601Fc5663E5303eF2Cb2785,MAX,V0,-,PENDING_MILESTONES,手动调整,6600,-,0,500,-,否,0,0,0.00,0.00,0,正常
0x0EC329B5f6f67d7f8fD43d1E550b5Fa89C12b6aA,MAX,V0,-,PENDING_MILESTONES,手动调整,6600,-,0,0,-,否,0,0,0.00,0.00,0,正常
0x57F2BA5C42C5B8F77bF2BFFC73cd1750578E0405,MAX,V0,-,PENDING_MILESTONES,手动调整,6600,-,0,0,-,否,0,0,0.00,0.00,0,正常
0xfD872C0B8FE66cE543089F25Fc0015A4f41C4026,MAX,V0,-,PENDING_MILESTONES,真实付费,6000,0x043aa1539445572001df726db02a87100ed7d0f5ad8a2a7c82c0beb887878980,0,500,-,否,1,0,0.00,0.00,0,正常
0x586De1Ba39C2AF5a311790657dBca901F685AeCA,MAX,V0,-,PENDING_MILESTONES,手动调整,6600,-,0,0,-,否,1,0,0.00,0.00,0,正常
0x5c73Fd73a8a885DDD39De1d12360F201F66931D5,MAX,V0,-,PENDING_MILESTONES,手动调整,6600,-,0,0,-,否,0,0,0.00,0.00,0,正常
0x8040a17edd305f460D936F65F171eD82edBD081b,MAX,V0,-,PENDING_MILESTONES,真实付费,6000,0xa547c4a6c43fd4f69af3a0f3cfdad330c94dc11caf8757aacf219787493a1126,0,0,-,否,0,0,0.00,0.00,0,正常
0x281B6180486Ff25Ac58b020B53C7c778C16487CA,MAX,V0,-,PENDING_MILESTONES,手动调整,0,-,0,500,-,否,0,0,0.00,0.00,0,正常
0x641870D958F9e92b0A7fF6ba5055E15319cfbd89,MAX,V0,-,PENDING_MILESTONES,手动调整,6600,-,0,0,-,否,0,0,0.00,0.00,0,正常
0x65D1CdE4b82416829F7A10B9c95dD2Ff3f9b7441,MAX,V0,-,PENDING_MILESTONES,手动调整,6600,-,0,0,-,否,0,0,0.00,0.00,0,正常
0x65d95144c6B5C1cfAa50fDe07A1cdE17a4c2b973,MAX,V0,-,PENDING_MILESTONES,手动调整,6600,-,0,0,-,否,1,0,0.00,0.00,0,正常
0x68fBBb6B702f423d57CE3345DC0eD710160C2af6,MAX,V0,-,PENDING_MILESTONES,手动调整,6600,-,0,0,-,否,0,0,0.00,0.00,0,正常
0x6b11b7fAb348CdaF0bB7E6EC9E40184B407D3693,MAX,V0,-,PENDING_MILESTONES,手动调整,6600,-,0,0,-,否,1,0,0.00,0.00,0,正常
0x6C3c7b374C8706f872b287680699386b30206848,MAX,V0,-,PENDING_MILESTONES,手动调整,6600,-,0,0,-,否,1,0,0.00,0.00,0,正常
0x6f30C4227955eD7946FCe45be9b0B36BBCe82E15,MAX,V0,-,PENDING_MILESTONES,手动调整,6600,-,0,0,-,否,2,0,0.00,0.00,0,正常
0xe9a98df19DD3212C6631aecEA29563835B10cB70,MAX,V0,-,PENDING_MILESTONES,真实付费,6000,0xf10fe9b4cc529f7cb9b70583d212148077d35c664c2df08f6708474ba52946e9,0,500,-,否,0,0,0.00,0.00,0,正常
0x7108E7B8d74acD5705F8827CeCb5b72D3a7dD15D,MAX,V0,-,PENDING_MILESTONES,手动调整,6600,-,0,0,-,否,0,0,0.00,0.00,0,正常
0x79dBe35dbcC7eF09a1C1A09f5F7F7fFa7f90C21E,MAX,V0,-,PENDING_MILESTONES,手动调整,6600,-,0,0,-,否,3,0,0.00,0.00,0,正常
0x7b94de62Aa494b5f1F1583500EDC9498372a401e,MAX,V0,-,PENDING_MILESTONES,手动调整,6600,-,0,0,-,否,3,0,0.00,0.00,0,正常
0x7cB1204E41AC2DfB0Dcd217A1e21FD4e0d9397de,MAX,V0,-,PENDING_MILESTONES,手动调整,6600,-,0,500,-,否,3,0,0.00,0.00,0,正常
0x7F46237Ac0AadA612FAB6296102a3DF04501b081,MAX,V0,-,PENDING_MILESTONES,手动调整,6600,-,0,500,-,否,0,0,0.00,0.00,0,正常
0x820c4f533CeF28D91632c1C093890290bE147B89,MAX,V0,-,PENDING_MILESTONES,手动调整,6600,-,0,0,-,否,1,0,0.00,0.00,0,正常
0x83a7f0f0C035B9331e8631a05441344ef3f80752,MAX,V0,-,PENDING_MILESTONES,手动调整,6600,-,0,0,-,否,0,0,0.00,0.00,0,正常
0x841DAB7E0C1FE24554c85Ac3E3fE58dB4105564f,MAX,V0,-,PENDING_MILESTONES,手动调整,6600,-,0,500,-,否,0,0,0.00,0.00,0,正常
0x857b44C045F37212578afC6CC5e4d934356aEEC5,MAX,V0,-,PENDING_MILESTONES,手动调整,6600,-,0,0,-,否,1,0,0.00,0.00,0,正常
0x88f4d32971cD728A3fDEF88E8ea0dac99848318e,MAX,V0,-,PENDING_MILESTONES,手动调整,6600,-,0,0,-,否,0,0,0.00,0.00,0,正常
0x8b27A5336B0870D62058B0C7F79100B80113e893,MAX,V0,-,PENDING_MILESTONES,手动调整,6600,-,0,0,-,否,1,0,0.00,0.00,0,正常
0x8c5Ec63b7767Cf1B1E3535B1312CE9FFeacb9180,MAX,V0,-,PENDING_MILESTONES,手动调整,6600,-,0,0,-,否,0,0,0.00,0.00,0,正常
0x8FA5cF4E14E5D92A41b9F6d481cad5F01998be01,MAX,V0,-,PENDING_MILESTONES,手动调整,6600,-,0,0,-,否,1,0,0.00,0.00,0,正常
0x90881eE8b9a65F0E525A88eDc2BF2F4823DA8dDc,MAX,V0,-,PENDING_MILESTONES,手动调整,6600,-,0,0,-,否,0,0,0.00,0.00,0,正常
0x91f04271de5cD04368e091dC93B65A8961B9f6A9,MAX,V0,-,PENDING_MILESTONES,手动调整,6600,-,0,0,-,否,1,0,0.00,0.00,0,正常
0xD5F525a47Dd2559a033CAf7332e158e52a2d7Fd6,MAX,V0,-,PENDING_MILESTONES,手动调整,600,0x5d5511aa16b71294c72090b2f0e8e9ce9fa9ed36dd682ec0a558d149f88d825c,0,500,-,否,0,0,0.00,0.00,0,正常
0x764DdEAC674128e682ef9664d58B7bD51E38Ea7d,MAX,V0,-,PENDING_MILESTONES,手动调整,0,-,0,0,-,否,0,0,0.00,0.00,0,正常
0x99D92a9f592a5FC7c116e8a82c3092738B2CB450,MAX,V0,-,PENDING_MILESTONES,手动调整,6600,-,0,500,-,否,2,0,0.00,0.00,0,正常
0x9aD72FA3E5AB429DceB63Ea7C1A5292E389FD01b,MAX,V0,-,PENDING_MILESTONES,手动调整,6600,-,0,500,-,否,0,0,0.00,0.00,0,正常
0x9b722216bBe94BE73097B0D4012132A0d34AC76D,MAX,V0,-,PENDING_MILESTONES,手动调整,6600,-,0,500,-,否,0,0,0.00,0.00,0,正常
0x9BB5F2662087B83966088A6922784C4E0Cf99aF6,MAX,V0,-,PENDING_MILESTONES,手动调整,6600,-,0,0,-,否,0,0,0.00,0.00,0,正常
0x9c1A9DcDc234D15F53b1D3dF46CA2bA4fe8569D9,MAX,V0,-,PENDING_MILESTONES,手动调整,6600,-,0,500,-,否,0,0,0.00,0.00,0,正常
0x9c3ccb1D7e3d7D644865EAA087f75Ba22ab2feb5,MAX,V0,-,PENDING_MILESTONES,手动调整,6600,-,0,0,-,否,1,0,0.00,0.00,0,正常
0x9D76b7C2a39b55222952a17B4B6aB30e459e9C29,MAX,V0,-,PENDING_MILESTONES,手动调整,6600,-,0,0,-,否,1,0,0.00,0.00,0,正常
0x9Da5A90e5F4ed6D194256508049Ef23451B77Acc,MAX,V0,-,PENDING_MILESTONES,手动调整,6600,-,0,0,-,否,2,0,0.00,0.00,0,正常
0x9E4fb3d12a2fDCF633909211F86c514cc0BeBEAd,MAX,V0,-,PENDING_MILESTONES,手动调整,6600,-,0,0,-,否,0,0,0.00,0.00,0,正常
0xA0dcA93798dF6F696AD0e2792237c48F3f0F869A,MAX,V0,-,PENDING_MILESTONES,手动调整,6600,-,0,0,-,否,0,0,0.00,0.00,0,正常
0xa1e61952ee89192F4B287BB224b445ab1B7B3C77,MAX,V0,-,PENDING_MILESTONES,手动调整,6600,-,0,0,-,否,1,0,0.00,0.00,0,正常
0xa240f842541a7631A73678eCB600D1E1eF9A2611,MAX,V0,-,PENDING_MILESTONES,手动调整,6600,-,0,500,-,否,0,0,0.00,0.00,0,正常
0x99D92a9f592a5FC7c116e8a82c3092738B2CB450,MAX,V0,-,PENDING_MILESTONES,手动调整,6600,-,0,500,-,否,2,0,0.00,0.00,0,正常
0xA7aAD52Cd446396eA111c839Ea70D336fBFb5d1d,MAX,V0,-,PENDING_MILESTONES,手动调整,6600,-,0,0,-,否,0,0,0.00,0.00,0,正常
0xA7f3a00795D9b7c0a6Dc7848205D51AAbE0F6D57,MAX,V0,-,PENDING_MILESTONES,手动调整,6600,-,0,500,-,否,2,0,0.00,0.00,0,正常
0xA83cAD42090eA362f1E3B81ABF7D5772B4ecF35D,MAX,V0,-,PENDING_MILESTONES,手动调整,6600,-,0,0,-,否,3,0,0.00,0.00,0,正常
0xB2Ac011124fF0D80C972FcB008a43ba5e2eA6118,MAX,V0,-,PENDING_MILESTONES,手动调整,6600,-,0,0,-,否,1,0,0.00,0.00,0,正常
0xB6F1DaB5DcfcAC50172e7Fdd75945507f9c6067a,MAX,V0,-,PENDING_MILESTONES,手动调整,6600,-,0,500,-,否,0,0,0.00,0.00,0,正常
0xBC301AbcA83A0e57A67EDc3065676808B2c09B1E,MAX,V0,-,PENDING_MILESTONES,手动调整,6600,-,0,0,-,否,0,0,0.00,0.00,0,正常
0xBc557EaA23FB7DF91363660912E59540dD539830,MAX,V0,-,PENDING_MILESTONES,手动调整,6600,-,0,500,-,否,0,0,0.00,0.00,0,正常
0xbdC2AC3429a9BfDc1c59891a21A7dcf77F652F2c,MAX,V0,-,PENDING_MILESTONES,手动调整,6600,-,0,0,-,否,0,0,0.00,0.00,0,正常
0xBe160734D799f95Bca19EE4a3558374963F5dCd0,MAX,V0,-,PENDING_MILESTONES,手动调整,6600,-,0,0,-,否,1,0,0.00,0.00,0,正常
0xbEc776EFd3A0311A24F2294a571a9C67dDc93595,MAX,V0,-,PENDING_MILESTONES,手动调整,6600,-,0,0,-,否,1,0,0.00,0.00,0,正常
0xBf4b26E919Ee9670d6ACAbB27c58b4F2220904aA,MAX,V0,-,PENDING_MILESTONES,手动调整,6600,-,0,0,-,否,0,0,0.00,0.00,0,正常
0xbf8dE3f119b3a4bEDE1542CAa53BE4Fa44C5d31a,MAX,V0,-,PENDING_MILESTONES,手动调整,6600,-,0,500,-,否,0,0,0.00,0.00,0,正常
0xC2c085d4139eDdc6e95B1A0765241d642d9a5533,MAX,V0,-,PENDING_MILESTONES,手动调整,6600,-,0,500,-,否,0,0,0.00,0.00,0,正常
0xC52CD92a81F396ce42E7A19DEb8CeF5c26F5CC75,MAX,V0,-,PENDING_MILESTONES,手动调整,6600,-,0,0,-,否,0,0,0.00,0.00,0,正常
0xc739644DD030a5201EEa4e9363d128075cbA68A0,MAX,V0,-,PENDING_MILESTONES,手动调整,6600,-,0,0,-,否,0,0,0.00,0.00,0,正常
0xC75011667f81F5F629F421c0adCe397f61c1b46D,MAX,V0,-,PENDING_MILESTONES,手动调整,6600,-,0,0,-,否,1,0,0.00,0.00,0,正常
0xF5973BA343d9d09ef383bA682640453e2f2f4D65,MAX,V0,-,PENDING_MILESTONES,手动调整,0,-,0,500,-,否,0,0,0.00,0.00,0,正常
0xcAd02a50D762e85E5ABf51b028800a721CF665F0,MAX,V0,-,PENDING_MILESTONES,手动调整,6600,-,0,0,-,否,1,0,0.00,0.00,0,正常
0x2A56d445bA2aD5Bd9C1Bb592793deA1a3427cD8A,MAX,V0,-,PENDING_MILESTONES,手动调整,6600,-,0,500,-,否,0,0,0.00,0.00,0,正常
0xcB60199d06568Cbf342A19De186126b0cdAF1827,MAX,V0,-,PENDING_MILESTONES,手动调整,6600,-,0,0,-,否,1,0,0.00,0.00,0,正常
0x29C51ecda2AE90af76889dF210D5ab3874bD3A1d,MAX,V0,-,PENDING_MILESTONES,手动调整,6600,-,0,0,-,否,1,0,0.00,0.00,0,正常
0x444a4c3DEA5db8258797db671Df8C82BE4b84daF,MAX,V0,-,PENDING_MILESTONES,手动调整,6600,-,0,0,-,否,1,0,0.00,0.00,0,正常
0x498F383E6A96f134d1cDe51Bf9C11618066631b0,MAX,V0,-,PENDING_MILESTONES,手动调整,6600,-,0,0,-,否,1,0,0.00,0.00,0,正常
0x5766EA2d002d4Ac5AE51388824ebeD53A0a158f7,MAX,V0,-,PENDING_MILESTONES,手动调整,6600,-,0,0,-,否,1,0,0.00,0.00,0,正常
0xaf34D3e4b64353897d34Da4FE34879c59aEa02A5,MAX,V0,-,PENDING_MILESTONES,手动调整,6600,-,0,0,-,否,1,0,0.00,0.00,0,正常
0x133e61b77Fa4E853302066d2b79C3eA0B14B1d38,MINI,V4,V4,PENDING_MILESTONES,真实付费,1000,0x5e59c7cc24e1ef1aa73f1a300e34493d426a48f27cfad0b365818e22e91cbe75,10000,10500,90_DAYS,是,0,6,18.00,12.81,1,正常
0x55952aad5fd6235A0CA08Bc6e35D7Ee7e0913e78,MINI,V4,V4,PENDING_MILESTONES,真实付费,1100,0xd3c43ab115cedfa132bc9a5d901029207a14206240997552809ae6e92f67d6c8,2000,2500,90_DAYS,是,0,0,0.00,0.00,1,正常
0x9B2E34C7311d11505e371623bB7265329481b7cD,MINI,V4,V4,PENDING_MILESTONES,真实付费,1000,0x38298823b96038976732f2e70a510e6ecab2053350828cb1a5fdec68372eb5ab,1200,1700,90_DAYS,是,1,0,18.00,4.99,1,正常
0x3Aa1d83bC41ADDD986500B02d212620bef326635,MINI,V4,V4,PENDING_MILESTONES,真实付费,1100,0xd1d02ea913d7aa096315ddd4b4fe959fd739e84f223bb8c3ba1a997da7839316,1000,1500,90_DAYS,是,0,0,9.00,24.56,1,正常
0xF65Dcd597242fd5FF8d1c25F623775e935Ef65BF,MINI,V4,V4,PENDING_MILESTONES,真实付费,1000,0xe1e3a130423fc03e547df6b8a30206a486ddace364e86a2600c5f498a1d75427,1000,1500,90_DAYS,是,0,0,9.00,0.00,1,正常
0xa446b51E10fc042B108f844B6a99d9D51597E009,MINI,V4,V4,PENDING_MILESTONES,真实付费,1000,0x9c39d5d36b5f3757df5b2fd644ff82afcc074c60a746b1e277c8695c1c34a9b4,1000,1500,90_DAYS,是,0,3,9.00,21.83,1,正常
0x11736C8fB1eB00CF509e7d012bEe20738b4171fe,MINI,V4,V4,PENDING_MILESTONES,真实付费,1000,0x9ecfb504d9655c295901e08508a6022d2d97b2a5ff4e42f4bf206a1d60993ad1,1000,1500,90_DAYS,是,0,1,18.00,34.12,1,正常
0x325332493C76a728616DfD57fB4827a8E55f5044,MINI,V4,V4,PENDING_MILESTONES,真实付费,1000,0x7b4aa30eed410ea99befa0be2819e42d288741e17aeefecaf00e647ef1062740,1000,1000,90_DAYS,是,0,0,0.00,0.00,1,正常
0xcD497b5cA70da12a84De1dAdb13D82a873F9017C,MINI,V4,V4,PENDING_MILESTONES,真实付费,1100,0xee22fa969de3fd1983da077885f90e3f99ab6548defbd258770355903cb0c786,1000,1500,90_DAYS,是,0,0,0.00,0.00,1,正常
0xa3f0900923f4d223c314Aa877E3FCDDE934acff1,MINI,V3,V3,PENDING_MILESTONES,真实付费,1000,0x244a886bd69addd5d5147dd4b212726b51c5635380eeae612f9ffb9276d67bf1,500,1000,90_DAYS,是,0,2,18.00,29.51,1,正常
0xeC81b37E067C8c9C2cC3de371077F66cF9d37C9F,MINI,V3,V3,PENDING_MILESTONES,真实付费,1000,0x0ab713c1ce786fecc4fe2bf2861aaae7cb0676207f7114d0f8c90b23da9f02bf,500,1000,90_DAYS,是,0,1,18.00,4.27,1,正常
0x0DBDB85e7FF000B552987e7A9ceDce672F8DC710,MINI,V3,V3,PENDING_MILESTONES,真实付费,1000,0x0594aad05bdf606590a5039ae53a4ec612161a1fef9405552bc6b8258d784c25,500,1000,90_DAYS,是,0,2,18.00,8.57,1,正常
0xD7537b85f5BaadD4753E8B04E173F3238746A3Ca,MINI,V3,V3,PENDING_MILESTONES,真实付费,1000,0xfafe8cfa57f78911b429afcc2be60dce56ad987de6df62cb4c5772d26b9c4a54,500,1000,90_DAYS,是,0,0,18.00,0.00,1,正常
0xb1e72E9D4216F38FCcadA1B8A1f99D52cA828D0D,MINI,V2,V2,PENDING_MILESTONES,真实付费,1000,0x1ceb97b6d3e5ddc8bdcf6d1b1ca6b0c3f1d6edc1e4b50b704f6cd56a9da3b4fe,0,300,-,否,0,0,9.00,0.00,1,有等级无金库
0x376f5edb3678Ee51a06d70e0Bb0b915A5C49C012,MINI,V1,V1,PENDING_MILESTONES,真实付费,1000,0x5dd6c4b338e7dcb541ed705da0c88900e8618446103dd71ea9e0e968af64f6e3,100,600,90_DAYS,是,2,0,18.00,3.28,1,正常
0xDbd878F6d3816970C405655d5EcFe1E50eAff75b,MINI,V1,V1,PENDING_MILESTONES,真实付费,1000,0xf43abbb8a65fa68818c8b0929c69ed00157c983eb6ec083782cc61ab308de3a0,100,600,90_DAYS,是,1,0,18.00,2.30,1,正常
0x783ab45e19dbCB56dE0D5F14d80409798Cb1a8c1,MINI,V0,-,PENDING_MILESTONES,真实付费,1000,0x70ca52800866f63c7893a2e2ec482f929249c1752496e4c0ba58f419b6a353a0,0,500,-,否,0,0,0.00,0.00,0,正常
0x943A0F62E1DA5a89D572363e5Cc04b9DE8c1CCbC,MINI,V0,-,PENDING_MILESTONES,真实付费,1000,0xf67349ff57c31e6fc1a2a9f5b3382e16bc60d5b1a06e6e69e8d76777a8e538dc,0,0,-,否,1,0,0.00,0.00,0,正常
0x64F28b2a86b14F39692B5B70B914281cDf508E43,MINI,V0,-,PENDING_MILESTONES,真实付费,1000,0x9df822e64a9df4089338e67f62a60e7b6b70fd8e5e14ae046936a94d92a1b5c3,0,0,-,否,1,1,0.00,0.00,0,正常
0x8AE141D6f371FB3cfE84E3196D6F9DA3E50dE1d5,MINI,V0,-,PENDING_MILESTONES,真实付费,1000,0x38cf491788096d938a4f02e798b76a7db87622dc0a593bd9d3133887e37c4c7c,0,500,-,否,0,2,0.00,0.00,0,正常
0x74E755261e1AF23081403A3b31bF647d7aD0Be80,MINI,V0,-,PENDING_MILESTONES,真实付费,1000,0xcf3ed7591d025329b6b2572bb498bf0903f427cc887420e684f85cfe31b29627,0,500,-,否,0,0,0.00,0.00,0,正常
0xD200fEA30D268AD468A0388FF977E7d91DFAF0cb,MINI,V0,-,PENDING_MILESTONES,真实付费,1000,0xf4721160368278c11157e8f00c395fddc4499111d798eb060460a782499b6734,0,500,-,否,0,0,0.00,0.00,0,正常
0x65C349ce02CbF13c8e974289a5B6241a25c4ad70,MINI,V0,-,PENDING_MILESTONES,真实付费,1100,0xfe721dfe28d030df20655ed7e2d334d70710d0835be017243697927d4549c344,0,0,-,否,0,0,0.00,0.00,0,正常
0x01A4cEE826aaAD79D55967A575638bF3FB833F0a,MINI,V0,-,PENDING_MILESTONES,真实付费,1000,0x04d433f8614f6f70cacd289b90d8db7d4ccd268ce0d1f8d25fc5cc236719cc98,0,500,-,否,0,0,0.00,0.00,0,正常
0xA86E80f31093278Fad741aa9D0129befaC368554,MINI,V0,-,PENDING_MILESTONES,真实付费,1000,0xa4c2f5cfdb6d57215251f542d4c6c1e30b81706f2efcdbd287d1a0b14f72b9c6,0,0,-,否,2,0,0.00,0.00,0,正常
0xa35eB11E5209F4942BE3e6856ccf0F16c3bD1c84,MINI,V0,-,PENDING_MILESTONES,真实付费,1000,0xda3511bf739780f80dcd18855ef5e438655801110d82689e2adff8019804b9e2,0,0,-,否,1,0,0.00,0.00,0,正常
0x1412344426c59aAF8D301fBeA148BaD671200Ed5,MINI,V0,-,PENDING_MILESTONES,真实付费,1000,0x110ce357f91f4e2703c4ef456d8c2b3de1d2020d7bdef96cf0f54081de3c9609,0,500,-,否,0,0,0.00,0.00,0,正常
0x18f9319BA17c78bC844A1a0BfbD25AC553c29655,MINI,V0,-,PENDING_MILESTONES,真实付费,1000,0xc2489007370006972d0978956f73edbf9bf96047fa90945334e9cf15f93ce3db,0,0,-,否,0,0,0.00,0.00,0,正常
0xE5C459E2a958c44634DB447A75068773e6e31E46,MINI,V0,-,PENDING_MILESTONES,真实付费,1000,0xc9eec464d4fcddd9de1c46a601613047e7ddb63654f5f4bc343bcd856677e569,0,500,-,否,0,0,0.00,0.00,0,正常
0x07669AeF9BEC21b607a815933d7eF83FA0f2f7aD,MINI,V0,-,PENDING_MILESTONES,真实付费,1000,0xc1b3ea47ec0561f2cbf419bf986c2d01f12a612e3cb3cbd4ae1571e4bbf6f2dc,0,500,-,否,0,0,0.00,0.00,0,正常
0x8f15a90515fF8E2f8fa446Cc5c60EB033664273D,MINI,V0,-,PENDING_MILESTONES,真实付费,1100,0xd5a3058d1e42b5c1dd988a634fe9fcdb5fd6e2cccc88f05a0f01ef5bbd63fc9b,0,500,-,否,0,0,0.00,0.00,0,正常
0xAe14047cceaC9b9D5459aC99D0298cB039C7E238,MINI,V0,-,PENDING_MILESTONES,真实付费,1000,0x99197670451231209f1f84184f29f610ad8ac8c4bae0dd1dcb5e31d62d61ab89,0,0,-,否,1,2,0.00,0.00,0,正常
0xEC2f75f74CD4520b20055BD519Db0aa4F630F6ff,MINI,V0,-,PENDING_MILESTONES,真实付费,1000,0xfc39ebca0794589a29e3b717202d087ffa48cd93881aef47aaa7cb202b13905d,0,0,-,否,0,0,0.00,0.00,0,正常
0x1EA2A90ed43fd8f96c7D034C3c42C1af1C5F89f0,MINI,V0,-,PENDING_MILESTONES,真实付费,1000,0x1ae2d588c2f0d79ee46cde58cc52823a9b7ea7e2c791321ecec961dcae7811ce,0,0,-,否,1,2,0.00,0.00,0,正常
0xb77F26cc2e2129ed97512ac66f41f8eab79ccba8,MINI,V0,-,PENDING_MILESTONES,真实付费,1000,0x2cb1353ca5c0096ccb7a7f89ec44a5cb5619667b929ae3198ff8bcf79abac4d5,0,0,-,否,0,0,0.00,0.00,0,正常
0x9D7F02C8CdF9815A9538Dd2857957DA5878c0138,MINI,V0,-,PENDING_MILESTONES,真实付费,1000,0xf17da969f625101c49c0b0243fc1438ac5e34eefcd4d9abadd3f16d41327f222,0,0,-,否,1,0,0.00,0.00,0,正常
0xAc318c4e57e783621885E34EE732f097E6394074,MINI,V0,-,PENDING_MILESTONES,真实付费,1000,0x718c9a1aeb6c3eece97a24071d3441ee9fefb63cf5bf5eb388fb3d70c6f21803,0,0,-,否,0,0,0.00,0.00,0,正常
0x74970f52a8dD77b272de263e7fad672ad0a80a0B,MINI,V0,-,PENDING_MILESTONES,真实付费,1000,0xb21c4995bc91c7a7fc32a7bdac2c0421a904bd222b4e91d9ad20ce1ea3e7b234,0,0,-,否,0,0,0.00,0.00,0,正常
0x287406C5599f298e61d0DEA8e333b41982EE67A8,MINI,V0,-,PENDING_MILESTONES,真实付费,1000,0x07454dfed2d641e55c428113b115750414dc9925a5fb2941d0373f5eb3b3c558,0,0,-,否,1,0,0.00,0.00,0,正常
0x9a71Bd637ffE4bA44c4Cf07EAf38E80ff0FfDFd5,MINI,V0,-,PENDING_MILESTONES,真实付费,1000,0x629f16794722f0a22f9b80ef8ec44b35f04ae9dbaa91700c31ca2a76d784608b,0,500,-,否,0,0,0.00,0.00,0,正常
0x3Df0620A02bfd3B7670253F6D974024FFb872f67,MINI,V0,-,PENDING_MILESTONES,真实付费,1000,0x2ee66a6363b2bf374095874e35933bef92862b2ead4900f78ef3a58eadeadb29,0,0,-,否,1,0,0.00,0.00,0,正常
0x17a39D33febCFf0A067750f13c75319E45484ccb,MINI,V0,-,PENDING_MILESTONES,真实付费,1000,0x7c7f09f2a4554886334fe35936d9aae623703d4abeda8821791a438f3a6ed099,0,0,-,否,1,0,0.00,0.00,0,正常